project,relative_path,bytes,sha256,release_class
arc2_paper,arc2_paper/candidate_notebooks/conservative_agreement_stable_v2/kernel-metadata.json,852,e7a579f8f93ff101bb05abdb844aefadd75a1e0f0fee8e4beda63fe2bf6d5480,source-or-derived-text-candidate
arc2_paper,arc2_paper/candidate_notebooks/conservative_agreement_stable_v2/upstream-kernel-metadata.json,869,5ed530b3dc4e454d63d1d1c95d82cc6f1dbdd0cd19ad9c433f95cde920a75cae,source-or-derived-text-candidate
arc2_paper,arc2_paper/candidate_notebooks/conservative_agreement_stable_v2_holdout/kernel-metadata.json,876,a24eb9f0734ac549d6aa0b14e726e3ca51783627d390a7629f4f6259d2b48c2a,source-or-derived-text-candidate
arc2_paper,arc2_paper/candidate_notebooks/conservative_agreement_stable_v2_holdout/upstream-kernel-metadata.json,869,5ed530b3dc4e454d63d1d1c95d82cc6f1dbdd0cd19ad9c433f95cde920a75cae,source-or-derived-text-candidate
arc2_paper,arc2_paper/candidate_notebooks/conservative_agreement_v1/kernel-metadata.json,831,fc361221bf0908e71caac20104aa2b14a77b1e97b766c60c582572152cdbe8e0,source-or-derived-text-candidate
arc2_paper,arc2_paper/candidate_notebooks/conservative_agreement_v1/upstream-kernel-metadata.json,869,5ed530b3dc4e454d63d1d1c95d82cc6f1dbdd0cd19ad9c433f95cde920a75cae,source-or-derived-text-candidate
arc2_paper,arc2_paper/candidate_notebooks/conservative_agreement_v1_holdout/kernel-metadata.json,855,831e6853abda52bf4dd5187cda86195ada1099e2223c65c66d413c195b4bf9fa,source-or-derived-text-candidate
arc2_paper,arc2_paper/candidate_notebooks/conservative_agreement_v1_holdout/upstream-kernel-metadata.json,869,5ed530b3dc4e454d63d1d1c95d82cc6f1dbdd0cd19ad9c433f95cde920a75cae,source-or-derived-text-candidate
arc2_paper,arc2_paper/candidate_notebooks/conservative_exact_overlay_v3/kernel-metadata.json,853,37c8e88b96e8d827c0fa73e4c2550c615f8062b7b8e79f4cf3e3f5267b3abc74,source-or-derived-text-candidate
arc2_paper,arc2_paper/candidate_notebooks/conservative_exact_overlay_v3/preregistration.json,3453,1ef60af076540455f4535172e5ed5fc1756cca4dbd5db7d294ad60ccd3437f26,source-or-derived-text-candidate
arc2_paper,arc2_paper/candidate_notebooks/conservative_exact_overlay_v3/upstream-kernel-metadata.json,869,5ed530b3dc4e454d63d1d1c95d82cc6f1dbdd0cd19ad9c433f95cde920a75cae,source-or-derived-text-candidate
arc2_paper,arc2_paper/candidate_notebooks/conservative_exact_overlay_v3_holdout/kernel-metadata.json,877,1b3b3f60e1b97d329cf56245863fce284647dcb9fa51286258a6bbcb185bba15,source-or-derived-text-candidate
arc2_paper,arc2_paper/candidate_notebooks/conservative_exact_overlay_v3_holdout/preregistration.json,1297,4d9bde6801f061109434b29d439e51da1ebebd2ae93fe1a05eba52ed4d50ab2a,source-or-derived-text-candidate
arc2_paper,arc2_paper/candidate_notebooks/conservative_exact_overlay_v3_holdout/upstream-kernel-metadata.json,869,5ed530b3dc4e454d63d1d1c95d82cc6f1dbdd0cd19ad9c433f95cde920a75cae,source-or-derived-text-candidate
arc2_paper,arc2_paper/candidate_notebooks/public_qwen_lb3181_anchor_v1/kernel-metadata.json,748,c09d0506038dbd9a323a8ca92b8b100314b8d9ca1a76bd6c538204b163b31c88,source-or-derived-text-candidate
arc2_paper,arc2_paper/candidate_notebooks/trm_adam_lr_compat_smoke/kernel-metadata.json,728,a249d1bc6134db239194be688195b6dd5cf66fe2d323fa1d1089cd5ca009d741,source-or-derived-text-candidate
arc2_paper,arc2_paper/candidate_notebooks/trm_wandb_log_compat_smoke_v2/kernel-metadata.json,729,a33f682b79102df25af08b0e416177cdc128b70c2b1db1588e1a392986eb7b58,source-or-derived-text-candidate
arc2_paper,arc2_paper/paper/00_rules_and_registration.md,6218,afa10566c52ea9e20bbbd34d60ee61abe5a9b00317288031e28927237d0c57c1,source-or-derived-text-candidate
arc2_paper,arc2_paper/paper/01_research_questions.md,6895,c9c8832f8f5c6250c591a89396b567dca38d955c5cbc7d4ca9a9ef43bba33e33,source-or-derived-text-candidate
arc2_paper,arc2_paper/paper/02_method.md,5549,5b6de8430d29019498b98ee20dc4ee76874eac1610aa406d71963ed44909eee6,source-or-derived-text-candidate
arc2_paper,arc2_paper/paper/03_validation_protocol.md,25340,c09752a1398ed30d44e629bf9d6e28e2d5f914e288a6563636c7043fed1f2731,source-or-derived-text-candidate
arc2_paper,arc2_paper/paper/04_ablation_plan.md,7392,c86167a0c5d2d1d490e9b366e6c99b3d904c0c87cb93f87f8c48f3cecdfc2ee5,source-or-derived-text-candidate
arc2_paper,arc2_paper/paper/05_failure_taxonomy.md,4346,4224b6831c103ad9acb8fa839147c38ec90c473263d4dabdd18471a0a7652e00,source-or-derived-text-candidate
arc2_paper,arc2_paper/paper/06_reproducibility_checklist.md,9166,8fd7e2369023168d1d788036a79d24ecf383756071a5927280d17a80f607f82c,source-or-derived-text-candidate
arc2_paper,arc2_paper/paper/07_evidence_registry.md,62942,dcfe28def970aa833c5e91f2313a0107db09429df886d86b049f5d4da4203be0,source-or-derived-text-candidate
arc2_paper,arc2_paper/paper/08_writeup_skeleton.md,5690,8f19468f4f01a99df7a5153b79fcbc6625f87524bb2f28cc94255ac8ba21fdeb,source-or-derived-text-candidate
arc2_paper,arc2_paper/paper/09_authorship_and_submission_manifest.md,2752,9e86a35f3a0fe1c6bf41cdad13619f9773e81db890d55139c172eced68749d3d,source-or-derived-text-candidate
arc2_paper,arc2_paper/paper/10_related_work_and_claim_boundaries.md,7982,a2304ab45157946b26eee019e929071cf91fed998f27bccd061d991ba2a0dff0,source-or-derived-text-candidate
arc2_paper,arc2_paper/paper/11_selector_preregistration.md,7360,cb4eb9d858915051fbad7151acce383c06b3a064d0a37550565889a754623d90,source-or-derived-text-candidate
arc2_paper,arc2_paper/paper/12_argument_tree_and_evidence_gaps.md,7717,c6a4ff02c258c7633ded1e154e7c33ebd19a7109a44ecb7140889f765f7811f7,source-or-derived-text-candidate
arc2_paper,arc2_paper/paper/13_publication_binding_checklist.md,6739,0e80f059ed6015927ab02ffda1428cfe86d1f05e7ffae71763d0e0d5868351d4,source-or-derived-text-candidate
arc2_paper,arc2_paper/paper/14_license_and_public_risk_audit.md,11286,de2c53e4e5541ab667aa335575e0cb3366a4f75a11389e270e488d685e6c708e,source-or-derived-text-candidate
arc2_paper,arc2_paper/paper/README.md,27822,ab37cc743a20e33d56ce8496bd69b610be7dcb71973567205b8e3a0c67515191,source-or-derived-text-candidate
arc2_paper,arc2_paper/paper/TECHNICAL_FEED.md,4625,0e8f5bb5b4970a94f59ddaf4f29d0926d1e09e307e410373dcd54c4166e4a5e2,source-or-derived-text-candidate
arc2_paper,arc2_paper/paper/drafts/writeup_v0.1.md,10677,685d0a5cc85dcadac4958b3d68d338e2e79aabb3b9926d6d916549d14836109b,source-or-derived-text-candidate
arc2_paper,arc2_paper/paper/evaluator_only/kaggle_evaluation_2026_09_09/SOURCE_RECEIPT.json,360,54ee230707ba2b7c9e9d7e9ab5e2731a641ddf16cea5d8c4cd4c66412ab14c76,source-or-derived-text-candidate
arc2_paper,arc2_paper/paper/evaluator_only/kaggle_evaluation_2026_09_09/tasks/0934a4d8.json,9734,057e50ca659c813e5d10b964b41a8c62d07234ff1f9a03337665f2b911c8e82f,source-or-derived-text-candidate
arc2_paper,arc2_paper/paper/evaluator_only/kaggle_evaluation_2026_09_09/tasks/135a2760.json,5782,476eac7fdba7f67763635bc033cc06bd6206e93ef091f4d53654b58ab2ca9506,source-or-derived-text-candidate
arc2_paper,arc2_paper/paper/evaluator_only/kaggle_evaluation_2026_09_09/tasks/136b0064.json,2609,d2814b31aae814d072cbcc3201158630c44b55e0633f3ce0066730fa15acd220,source-or-derived-text-candidate
arc2_paper,arc2_paper/paper/evaluator_only/kaggle_evaluation_2026_09_09/tasks/13e47133.json,11496,ed8c70a5a46fb6a94fea8c3bd6fab7cbf06fb50969612473cb9f1c9409ec8e80,source-or-derived-text-candidate
arc2_paper,arc2_paper/paper/evaluator_only/kaggle_evaluation_2026_09_09/tasks/142ca369.json,7832,c675ab0f70b23269a23fcb36f7f12d294035730244560d6a1d3e8c7520aee082,source-or-derived-text-candidate
arc2_paper,arc2_paper/paper/evaluator_only/kaggle_evaluation_2026_09_09/tasks/16b78196.json,11250,06fd8616c6edfd1801963b9bfd5ce1d6a171f22302a86dd6729083134b7ce59a,source-or-derived-text-candidate
arc2_paper,arc2_paper/paper/evaluator_only/kaggle_evaluation_2026_09_09/tasks/16de56c4.json,3404,9a206f93e8efa1c57d4e6619ad7169f39d285b99e698190320b01b0d9645a0f3,source-or-derived-text-candidate
arc2_paper,arc2_paper/paper/evaluator_only/kaggle_evaluation_2026_09_09/tasks/1818057f.json,4361,8ab29d4b0ea55a8007a8ff642d76ef1561d10768e394882c63c4495918cc0c39,source-or-derived-text-candidate
arc2_paper,arc2_paper/paper/evaluator_only/kaggle_evaluation_2026_09_09/tasks/195c6913.json,14456,1bd32a41695b10b50fbce10dc59bcd5426bc019ca152626ce939b0528736ab05,source-or-derived-text-candidate
arc2_paper,arc2_paper/paper/evaluator_only/kaggle_evaluation_2026_09_09/tasks/1ae2feb7.json,4351,52651828730200f7cd9ea004e282cd54bf1b33f438c7f0a9b392877ca41b4624,source-or-derived-text-candidate
arc2_paper,arc2_paper/paper/evaluator_only/kaggle_evaluation_2026_09_09/tasks/20270e3b.json,1793,005a39484d1e269df523dfb12594c1066a4a220d66a4f8a8be8ad1961bd3a4cd,source-or-derived-text-candidate
arc2_paper,arc2_paper/paper/evaluator_only/kaggle_evaluation_2026_09_09/tasks/20a9e565.json,9834,fde78aed3ef7a403d2d414874c3ae39429392c0c5d8a611fbd4d63c1927cf3cf,source-or-derived-text-candidate
arc2_paper,arc2_paper/paper/evaluator_only/kaggle_evaluation_2026_09_09/tasks/21897d95.json,8533,0c7f289b92c16f3ea832a2970fb2e5fa0c5af099f50b7b20883ff6948612f420,source-or-derived-text-candidate
arc2_paper,arc2_paper/paper/evaluator_only/kaggle_evaluation_2026_09_09/tasks/221dfab4.json,11769,f21e9460ff430ff6e25588765ef1de9a55dafad4dc9ce19980e6111100db2569,source-or-derived-text-candidate
arc2_paper,arc2_paper/paper/evaluator_only/kaggle_evaluation_2026_09_09/tasks/247ef758.json,4460,5c38a88143bbc5cac25c08807e7cd1393675a0dde1170fb2e23c6602a70228ac,source-or-derived-text-candidate
arc2_paper,arc2_paper/paper/evaluator_only/kaggle_evaluation_2026_09_09/tasks/269e22fb.json,7722,1a7f035fbb5892b47e2bc0044069deec39dd17dacb7f11e5f574b3f52b1aeed7,source-or-derived-text-candidate
arc2_paper,arc2_paper/paper/evaluator_only/kaggle_evaluation_2026_09_09/tasks/271d71e2.json,5057,afd3ef546b89531d8d4b78562bd9ba3a87f414bc31a6210a64b59b89dc262178,source-or-derived-text-candidate
arc2_paper,arc2_paper/paper/evaluator_only/kaggle_evaluation_2026_09_09/tasks/28a6681f.json,1873,b05a0cbd5316fb4a3f54ded7eac7e1c2490f82b599e5f1665fd625578ef03eb2,source-or-derived-text-candidate
arc2_paper,arc2_paper/paper/evaluator_only/kaggle_evaluation_2026_09_09/tasks/291dc1e1.json,3060,58a12de73d76d1206738aa5e0293b7a7837c759680780e609753b47a30e89790,source-or-derived-text-candidate
arc2_paper,arc2_paper/paper/evaluator_only/kaggle_evaluation_2026_09_09/tasks/2b83f449.json,3246,93d353ed058a576fcf10acd5ea6e1a6a72d6e43f69428b6eaa7083929b79ca80,source-or-derived-text-candidate
arc2_paper,arc2_paper/paper/evaluator_only/kaggle_evaluation_2026_09_09/tasks/2ba387bc.json,6250,086d5f12507fa8763f4d2232fdab3544ed868fead0702922c12ab065b9349ff8,source-or-derived-text-candidate
arc2_paper,arc2_paper/paper/evaluator_only/kaggle_evaluation_2026_09_09/tasks/2c181942.json,8301,5a919b3efd48629af5b888c78c9a42d4c0a375a09a20fb126e8110ad29333a17,source-or-derived-text-candidate
arc2_paper,arc2_paper/paper/evaluator_only/kaggle_evaluation_2026_09_09/tasks/2d0172a1.json,7433,53e24cef53e38c15812eaf9304f4360f97b555c469cb1ebf3bc3fe7165fa108f,source-or-derived-text-candidate
arc2_paper,arc2_paper/paper/evaluator_only/kaggle_evaluation_2026_09_09/tasks/31f7f899.json,3249,7c5763fe04589071e45d0d9153fd70e2c86369b2884a1a77d35d290afd4c5f54,source-or-derived-text-candidate
arc2_paper,arc2_paper/paper/evaluator_only/kaggle_evaluation_2026_09_09/tasks/332f06d7.json,4808,c1f81d7b765aa2c6045f84d8d172294b67702da9392d102cc9723804a8ff9472,source-or-derived-text-candidate
arc2_paper,arc2_paper/paper/evaluator_only/kaggle_evaluation_2026_09_09/tasks/35ab12c3.json,5969,2be56dfc79cd85992ae0a9b759574d43b6def13e7545c4e2369bdf64188cc543,source-or-derived-text-candidate
arc2_paper,arc2_paper/paper/evaluator_only/kaggle_evaluation_2026_09_09/tasks/36a08778.json,9097,b5f825d4b827805204a89ebceaea61b874261ca029ee137529956da16a306333,source-or-derived-text-candidate
arc2_paper,arc2_paper/paper/evaluator_only/kaggle_evaluation_2026_09_09/tasks/38007db0.json,6431,c3057b9b46a9b57f367035f636a84eb9fe7ea648a8789b72d82e48e4aba7c1e1,source-or-derived-text-candidate
arc2_paper,arc2_paper/paper/evaluator_only/kaggle_evaluation_2026_09_09/tasks/3a25b0d8.json,6933,7e5ea3bc2def980be6ee0a40d8d21170d0dd0dc96e8b1aadf447c492ca305223,source-or-derived-text-candidate
arc2_paper,arc2_paper/paper/evaluator_only/kaggle_evaluation_2026_09_09/tasks/3dc255db.json,2473,66f0cd6111d5dd1d372d88b9ed4b0a044c0081eb29f9d75b7ca8f4a499e0f7ab,source-or-derived-text-candidate
arc2_paper,arc2_paper/paper/evaluator_only/kaggle_evaluation_2026_09_09/tasks/3e6067c3.json,13132,29b0f0da167c404169a4adcfca170b4b5536b1be85811f57c221482413b00ccf,source-or-derived-text-candidate
arc2_paper,arc2_paper/paper/evaluator_only/kaggle_evaluation_2026_09_09/tasks/409aa875.json,4465,9dea281cf0176b7f5dc95137b0b03107ea0b9743a1e98faa3f9182e9d84571a5,source-or-derived-text-candidate
arc2_paper,arc2_paper/paper/evaluator_only/kaggle_evaluation_2026_09_09/tasks/446ef5d2.json,6049,94ca7b4fa69fcfb2783340d565b5c7d289875b90a0a1ab5be7fdbb043c59c13e,source-or-derived-text-candidate
arc2_paper,arc2_paper/paper/evaluator_only/kaggle_evaluation_2026_09_09/tasks/45a5af55.json,5192,d737c30ac8fe7ba06dd677fc3e5a3d262cec43f8974b993ad4bfea7072745953,source-or-derived-text-candidate
arc2_paper,arc2_paper/paper/evaluator_only/kaggle_evaluation_2026_09_09/tasks/4a21e3da.json,7768,fead75b78999e2ed6e7188c2fce437057ad5ed120c6c97d04b193c24a5161177,source-or-derived-text-candidate
arc2_paper,arc2_paper/paper/evaluator_only/kaggle_evaluation_2026_09_09/tasks/4c3d4a41.json,2801,e6a917e6854362229c562bc76019382e13c1af8ff806c3f2a05b911208de86f9,source-or-derived-text-candidate
arc2_paper,arc2_paper/paper/evaluator_only/kaggle_evaluation_2026_09_09/tasks/4c416de3.json,7765,5c1abbbf54fc52a65183aa27a1f0dae8a17782c0c85654fea5c06aae14a97724,source-or-derived-text-candidate
arc2_paper,arc2_paper/paper/evaluator_only/kaggle_evaluation_2026_09_09/tasks/4c7dc4dd.json,7797,0a8a87c8500249f9568dcb913dab4efbf6045d548d101a6a0310cd9e385aef00,source-or-derived-text-candidate
arc2_paper,arc2_paper/paper/evaluator_only/kaggle_evaluation_2026_09_09/tasks/4e34c42c.json,5781,5dee11738a4766cfc6f73c8b391e63bff9be4813f3bd33a27674006a262660f3,source-or-derived-text-candidate
arc2_paper,arc2_paper/paper/evaluator_only/kaggle_evaluation_2026_09_09/tasks/53fb4810.json,4718,69c5deaace0b57ec1932e688bfb9df86aa63e17a3ae16741a2426b0ccbb2e878,source-or-derived-text-candidate
arc2_paper,arc2_paper/paper/evaluator_only/kaggle_evaluation_2026_09_09/tasks/5545f144.json,3289,4dbdb06272bf7f3d258b59f49623dcda5939dd2ed4bad28a2ae92771bcc8447e,source-or-derived-text-candidate
arc2_paper,arc2_paper/paper/evaluator_only/kaggle_evaluation_2026_09_09/tasks/581f7754.json,4908,f03ecc07015502cbc8c7bc6857193c7edf6d8aef5fd25ef366dcf5a8bca90385,source-or-derived-text-candidate
arc2_paper,arc2_paper/paper/evaluator_only/kaggle_evaluation_2026_09_09/tasks/58490d8a.json,4733,1970ca0e0cd6126a00204b9e8fb3b50eb58af6c95612388be9703afbed1cf894,source-or-derived-text-candidate
arc2_paper,arc2_paper/paper/evaluator_only/kaggle_evaluation_2026_09_09/tasks/58f5dbd5.json,4937,788822d8b4803a8b6cad291cdb98dd3363427b6e5b7809ec980f4dad376bcb67,source-or-derived-text-candidate
arc2_paper,arc2_paper/paper/evaluator_only/kaggle_evaluation_2026_09_09/tasks/5961cc34.json,10616,2114e013f1127275c669e26fbb20649dbaada1e85587dfb4d55c4b521d967b78,source-or-derived-text-candidate
arc2_paper,arc2_paper/paper/evaluator_only/kaggle_evaluation_2026_09_09/tasks/5dbc8537.json,5071,3df62e46c2269f17d12c3e26b0047fdef5adf9961d85d05075d8b96e172c0f56,source-or-derived-text-candidate
arc2_paper,arc2_paper/paper/evaluator_only/kaggle_evaluation_2026_09_09/tasks/62593bfd.json,10877,946e875cd45d912bc3524ff40a33cee171cc6e9dc6bd8e2f69a07210fc129581,source-or-derived-text-candidate
arc2_paper,arc2_paper/paper/evaluator_only/kaggle_evaluation_2026_09_09/tasks/64efde09.json,9042,91258779df0f273a50f3f271e1e2bb36e9b75e567d22e06379cab14e3c2ae3a6,source-or-derived-text-candidate
arc2_paper,arc2_paper/paper/evaluator_only/kaggle_evaluation_2026_09_09/tasks/65b59efc.json,6120,a71bc2131836c445d880a5a019fbcf21c78c46c8ad5a29ecc7225b47534d6d17,source-or-derived-text-candidate
arc2_paper,arc2_paper/paper/evaluator_only/kaggle_evaluation_2026_09_09/tasks/67e490f4.json,6732,fcd7f90c1a9b1f073060899e6b38f1ebf98c31a60519e7b29fdeee2d43188d1c,source-or-derived-text-candidate
arc2_paper,arc2_paper/paper/evaluator_only/kaggle_evaluation_2026_09_09/tasks/6e453dd6.json,4085,c8b9688f30dc0c88f5789a5f6cf3c3e0fe13f4a36d35e8ef82c93f9f71db06be,source-or-derived-text-candidate
arc2_paper,arc2_paper/paper/evaluator_only/kaggle_evaluation_2026_09_09/tasks/6e4f6532.json,9845,8c32dfd6e7a8bccd3d76f2de1836c5250bcb76df4b3e86adf17af73e744fc7f0,source-or-derived-text-candidate
arc2_paper,arc2_paper/paper/evaluator_only/kaggle_evaluation_2026_09_09/tasks/6ffbe589.json,4641,bc34349d23f74528ccd92351aae082028a305a04b5933012e19d6b62625e4aee,source-or-derived-text-candidate
arc2_paper,arc2_paper/paper/evaluator_only/kaggle_evaluation_2026_09_09/tasks/71e489b6.json,6208,aaa67d4978892cf4a832f6603787b45c792738863178cc6c863c196a57c73f68,source-or-derived-text-candidate
arc2_paper,arc2_paper/paper/evaluator_only/kaggle_evaluation_2026_09_09/tasks/7491f3cf.json,3776,d2fd7495fb374c69de413e9ae37ab2be3ed152d618ffb655da63ac625b7825c7,source-or-derived-text-candidate
arc2_paper,arc2_paper/paper/evaluator_only/kaggle_evaluation_2026_09_09/tasks/7666fa5d.json,3354,cda22826c7a1f5aed527a4d2575dfffc3b4192ed3654849120c6b487c7ec58d4,source-or-derived-text-candidate
arc2_paper,arc2_paper/paper/evaluator_only/kaggle_evaluation_2026_09_09/tasks/78332cb0.json,2500,87febd36bb520e2fc457a6388b578348a2b5a5a417cb582662c5821c7f127a6f,source-or-derived-text-candidate
arc2_paper,arc2_paper/paper/evaluator_only/kaggle_evaluation_2026_09_09/tasks/7b0280bc.json,7841,302a592b54038809247574054b7b0d3cac9d16a5219791a701735843ce08ee33,source-or-derived-text-candidate
arc2_paper,arc2_paper/paper/evaluator_only/kaggle_evaluation_2026_09_09/tasks/7b3084d4.json,4237,c10c742dcc3d106a52cf69330dcd38066d91b25a99e5c7731bf3cacd19ddde07,source-or-derived-text-candidate
arc2_paper,arc2_paper/paper/evaluator_only/kaggle_evaluation_2026_09_09/tasks/7b5033c1.json,2006,3539a5cd68063d548a9b652cdf6ed4d9d14528a4eb5ea52106fa119dae35b976,source-or-derived-text-candidate
arc2_paper,arc2_paper/paper/evaluator_only/kaggle_evaluation_2026_09_09/tasks/7b80bb43.json,6962,4c6874a6fc614daefc8e0583ada82e688bc8f5ac21da1164b6216781daebde12,source-or-derived-text-candidate
arc2_paper,arc2_paper/paper/evaluator_only/kaggle_evaluation_2026_09_09/tasks/7c66cb00.json,12113,a5bb0e893272ee58e50d44bb756aa380be874f5071ad74e32350172e7031e59a,source-or-derived-text-candidate
arc2_paper,arc2_paper/paper/evaluator_only/kaggle_evaluation_2026_09_09/tasks/7ed72f31.json,7465,4d152f02e8a14d6feeda6a51f211438dcb964929b9cbe847410f95ff91d925c2,source-or-derived-text-candidate
arc2_paper,arc2_paper/paper/evaluator_only/kaggle_evaluation_2026_09_09/tasks/800d221b.json,7041,da4af6e2250c656edde17d8d5862b85d47e35cbdc3daced27d2fb73045f244c0,source-or-derived-text-candidate
arc2_paper,arc2_paper/paper/evaluator_only/kaggle_evaluation_2026_09_09/tasks/80a900e0.json,6202,433f97562abb61503ef52aafe59a1295796be23d3445158446fb8d0cf627f2e8,source-or-derived-text-candidate
arc2_paper,arc2_paper/paper/evaluator_only/kaggle_evaluation_2026_09_09/tasks/8698868d.json,5766,4dc813b2bdd8322903ec4c59471dc03d81ac29a06a643b0328927f295acbc31b,source-or-derived-text-candidate
arc2_paper,arc2_paper/paper/evaluator_only/kaggle_evaluation_2026_09_09/tasks/88bcf3b4.json,8102,15131471f838079b5eefe590602be7eec9dafb5e7b44454e6a77087da737a45f,source-or-derived-text-candidate
arc2_paper,arc2_paper/paper/evaluator_only/kaggle_evaluation_2026_09_09/tasks/88e364bc.json,8536,015ee5d6099c2259ca8fd2cf3c31a8fa6bf8c6886288a95278a0813a4c0775d4,source-or-derived-text-candidate
arc2_paper,arc2_paper/paper/evaluator_only/kaggle_evaluation_2026_09_09/tasks/89565ca0.json,5577,9fc44ddb41578a0e287ec8500afed96c09dcdecfab3578b7a8e3f860ca2ee726,source-or-derived-text-candidate
arc2_paper,arc2_paper/paper/evaluator_only/kaggle_evaluation_2026_09_09/tasks/898e7135.json,7116,12fc402a3e8a2ce78481ac3d73ac2979a9d1debd65b0b1830af4649dccf7c0a2,source-or-derived-text-candidate
arc2_paper,arc2_paper/paper/evaluator_only/kaggle_evaluation_2026_09_09/tasks/8b7bacbf.json,10695,827b0146dfddfde1e6fc682862eb0e2f0e0146e34d8dba39b5ce023ff2307f01,source-or-derived-text-candidate
arc2_paper,arc2_paper/paper/evaluator_only/kaggle_evaluation_2026_09_09/tasks/8b9c3697.json,7933,80e1a92aa175e4e402b967ec37cba7632e947f37998138c8095cda37124aed2a,source-or-derived-text-candidate
arc2_paper,arc2_paper/paper/evaluator_only/kaggle_evaluation_2026_09_09/tasks/8e5c0c38.json,8209,5f701dff261a93719140c89fd948604e39fe00a6218186ec50f04f5990b8ff47,source-or-derived-text-candidate
arc2_paper,arc2_paper/paper/evaluator_only/kaggle_evaluation_2026_09_09/tasks/8f215267.json,9041,7a7aca9d7d57116e48e06e8f2f38ebba133dcca2e1316d70de42b6a73ec92667,source-or-derived-text-candidate
arc2_paper,arc2_paper/paper/evaluator_only/kaggle_evaluation_2026_09_09/tasks/8f3a5a89.json,3945,c12bd874da6a1190a751f0322ee400130684ebd695e80c213602d08c44456527,source-or-derived-text-candidate
arc2_paper,arc2_paper/paper/evaluator_only/kaggle_evaluation_2026_09_09/tasks/9385bd28.json,5147,40f7a730a131da4861c870fe521e0b14168800968c89c55adf04b5a1ca0d96ff,source-or-derived-text-candidate
arc2_paper,arc2_paper/paper/evaluator_only/kaggle_evaluation_2026_09_09/tasks/97d7923e.json,2673,e29cb45c72d121427fcf9fd654c97b05366d192f7f160dffcfe899ae9573a939,source-or-derived-text-candidate
arc2_paper,arc2_paper/paper/evaluator_only/kaggle_evaluation_2026_09_09/tasks/981571dc.json,18736,887fbe5846ae609541c06c653bf9ec864e7be1bff27684cc23bba65da03f80dc,source-or-derived-text-candidate
arc2_paper,arc2_paper/paper/evaluator_only/kaggle_evaluation_2026_09_09/tasks/9aaea919.json,14993,d41af6025c0a03789ef003c34d52429e7c0295087f95c72dd68f959dbb1cf1d5,source-or-derived-text-candidate
arc2_paper,arc2_paper/paper/evaluator_only/kaggle_evaluation_2026_09_09/tasks/9bbf930d.json,5589,bb4f5800d7113b0a26701324c15af00eb4c0da036fae35878f6a39c4f7bcd389,source-or-derived-text-candidate
arc2_paper,arc2_paper/paper/evaluator_only/kaggle_evaluation_2026_09_09/tasks/a251c730.json,6660,b46b4ef31f0200611bbfd275315e7dc21bcd7938bcff1f6e47d89797e344521d,source-or-derived-text-candidate
arc2_paper,arc2_paper/paper/evaluator_only/kaggle_evaluation_2026_09_09/tasks/a25697e4.json,12592,216703574579551454876bee0bc908909b5662fed21d03918b6419fa84a3e77a,source-or-derived-text-candidate
arc2_paper,arc2_paper/paper/evaluator_only/kaggle_evaluation_2026_09_09/tasks/a32d8b75.json,13216,2423f63e94e41972bcc387dd173cf009af76458a7970bee884c6d77b0573bb4c,source-or-derived-text-candidate
arc2_paper,arc2_paper/paper/evaluator_only/kaggle_evaluation_2026_09_09/tasks/a395ee82.json,8209,f838ede308c81dbee5bca2e1971a9069f0e4e0db6e0d0909869335ee5eed66eb,source-or-derived-text-candidate
arc2_paper,arc2_paper/paper/evaluator_only/kaggle_evaluation_2026_09_09/tasks/a47bf94d.json,8717,4fcf47d1761e5b473a18d9b1abefc0751b069178ca4aa0ccb456d93aa1ad781d,source-or-derived-text-candidate
arc2_paper,arc2_paper/paper/evaluator_only/kaggle_evaluation_2026_09_09/tasks/a6f40cea.json,5781,ac56f352c2da9ce380bb36fdc09b022b5c1470babd5a55837547a53fb8ee5555,source-or-derived-text-candidate
arc2_paper,arc2_paper/paper/evaluator_only/kaggle_evaluation_2026_09_09/tasks/aa4ec2a5.json,9385,65cadc1b9fbb32b00e6fd9e1b6efdd5573b1f8b8cba18d222b693a0af40c6c51,source-or-derived-text-candidate
arc2_paper,arc2_paper/paper/evaluator_only/kaggle_evaluation_2026_09_09/tasks/abc82100.json,6567,07ad176cd79d5a017dfed087ffa593b846e3a761db172a2540087e96c60a8c81,source-or-derived-text-candidate
arc2_paper,arc2_paper/paper/evaluator_only/kaggle_evaluation_2026_09_09/tasks/b0039139.json,2733,7b669a0de7a7ba245b9d3a7a38df3ce5300b801bb9ca9a5034a2f25b04c4a7be,source-or-derived-text-candidate
arc2_paper,arc2_paper/paper/evaluator_only/kaggle_evaluation_2026_09_09/tasks/b10624e5.json,9162,401766d4e4bb18f1230f48058b43c877c53de07e39c0125003efd3d37c6f79a9,source-or-derived-text-candidate
arc2_paper,arc2_paper/paper/evaluator_only/kaggle_evaluation_2026_09_09/tasks/b5ca7ac4.json,8209,d39bcaf921c7e7a0a425a7d072df27df11787225896ed19992a9f0183ce285dd,source-or-derived-text-candidate
arc2_paper,arc2_paper/paper/evaluator_only/kaggle_evaluation_2026_09_09/tasks/b6f77b65.json,5197,a3f58625cdfe8db3df166ff553d8f6ba93043fea774a44249f76cc4f5334fcd9,source-or-derived-text-candidate
arc2_paper,arc2_paper/paper/evaluator_only/kaggle_evaluation_2026_09_09/tasks/b99e7126.json,14033,9b13ab24dc712b2aeeca2b4b93f42d3dca654fbb7d73142055a37a7534b68a88,source-or-derived-text-candidate
arc2_paper,arc2_paper/paper/evaluator_only/kaggle_evaluation_2026_09_09/tasks/b9e38dc0.json,4009,0d6be5230a7fa7e0ba45b6356f08f28795df0c1fb91335122a2d24b883eca23b,source-or-derived-text-candidate
arc2_paper,arc2_paper/paper/evaluator_only/kaggle_evaluation_2026_09_09/tasks/bf45cf4b.json,3647,b6032da557ea4f1ca18735cd268b43e588ff127dce5185b0b756a6160239e071,source-or-derived-text-candidate
arc2_paper,arc2_paper/paper/evaluator_only/kaggle_evaluation_2026_09_09/tasks/c4d067a0.json,9761,930a1cc7ef3b3dffa38078e1510c9b4db489ef8e02313af1c581fadb2133008a,source-or-derived-text-candidate
arc2_paper,arc2_paper/paper/evaluator_only/kaggle_evaluation_2026_09_09/tasks/c7f57c3e.json,6074,aa58bd0bddadcdf80bf9444495daf12421acbfe3b7d7ec207c56937b05ae1be8,source-or-derived-text-candidate
arc2_paper,arc2_paper/paper/evaluator_only/kaggle_evaluation_2026_09_09/tasks/cb2d8a2c.json,8547,639e2b83729f4ddb11373e050ac3ade0576451304ebce8b975b0bd697bf410ec,source-or-derived-text-candidate
arc2_paper,arc2_paper/paper/evaluator_only/kaggle_evaluation_2026_09_09/tasks/cbebaa4b.json,9777,4189a4a1bef4728eb50a9d73e3a2125a6ceee63ba9c2c1b8911c5280947d324e,source-or-derived-text-candidate
arc2_paper,arc2_paper/paper/evaluator_only/kaggle_evaluation_2026_09_09/tasks/d35bdbdc.json,2799,a0bf5e60fc14ff277020343fe75467975f52b0c123c2f7069e3bdd3779d44fc4,source-or-derived-text-candidate
arc2_paper,arc2_paper/paper/evaluator_only/kaggle_evaluation_2026_09_09/tasks/d59b0160.json,4465,77abba44d29baec59d03c506fab667a34446a19bbd7142a705b748532766f2e1,source-or-derived-text-candidate
arc2_paper,arc2_paper/paper/evaluator_only/kaggle_evaluation_2026_09_09/tasks/d8e07eb2.json,19502,5b1182af42372a4decc121669cbe3bb5c12b0b3db61a51fd162a7d4324921774,source-or-derived-text-candidate
arc2_paper,arc2_paper/paper/evaluator_only/kaggle_evaluation_2026_09_09/tasks/da515329.json,6657,ef5695a338a14a721b401b002dcff2e3ef9dd89046d8e8800533acd7ffc469cc,source-or-derived-text-candidate
arc2_paper,arc2_paper/paper/evaluator_only/kaggle_evaluation_2026_09_09/tasks/db0c5428.json,5313,704e06937724952c3f8615851269f8b03aaa247ea4d7a3abc86052b358530635,source-or-derived-text-candidate
arc2_paper,arc2_paper/paper/evaluator_only/kaggle_evaluation_2026_09_09/tasks/db695cfb.json,5371,366fb36a3ab7f9a8fd32f5564677cf647a18786052a0fe1d571dbfaf2a4143f6,source-or-derived-text-candidate
arc2_paper,arc2_paper/paper/evaluator_only/kaggle_evaluation_2026_09_09/tasks/dbff022c.json,2161,c924b8fca6851f6bd5c76cc40ad271808d42ef825d3ec0fd454986b72c47ff77,source-or-derived-text-candidate
arc2_paper,arc2_paper/paper/evaluator_only/kaggle_evaluation_2026_09_09/tasks/dd6b8c4b.json,2776,067e244070fd2c0fde93ab7d3170e630259910cec85822b1c731d763a14b36a6,source-or-derived-text-candidate
arc2_paper,arc2_paper/paper/evaluator_only/kaggle_evaluation_2026_09_09/tasks/de809cff.json,7170,438f31b637f6dde6b4bd3111257ed55a66974bcd4476f0ce10115141be2469df,source-or-derived-text-candidate
arc2_paper,arc2_paper/paper/evaluator_only/kaggle_evaluation_2026_09_09/tasks/dfadab01.json,6056,0b6771fdbdfae73eb147022176af6e1e29c6a71ca907567c07db2c7201614b01,source-or-derived-text-candidate
arc2_paper,arc2_paper/paper/evaluator_only/kaggle_evaluation_2026_09_09/tasks/e12f9a14.json,12591,113ec1014606ffe0cfe5753f7330613ba6f0ba3577623bcb54ae69e4e9d47caa,source-or-derived-text-candidate
arc2_paper,arc2_paper/paper/evaluator_only/kaggle_evaluation_2026_09_09/tasks/e3721c99.json,14993,360e5a6df14e1f4b02e9957f766c931a48270d5fb925486fffe847079d8e8ed8,source-or-derived-text-candidate
arc2_paper,arc2_paper/paper/evaluator_only/kaggle_evaluation_2026_09_09/tasks/e376de54.json,4465,f3486d0fcabff294b4948eb6d68ba1d97aab189f1ea77dc6357698f05d4b46a6,source-or-derived-text-candidate
arc2_paper,arc2_paper/paper/evaluator_only/kaggle_evaluation_2026_09_09/tasks/e8686506.json,1550,e6056b8e07012148571e28cb09469b99d1ed60c7a1d0afbe04a8a89054feb2a4,source-or-derived-text-candidate
arc2_paper,arc2_paper/paper/evaluator_only/kaggle_evaluation_2026_09_09/tasks/e87109e9.json,9413,63651007d629ee2c19ead77b29d215904ccbac05e73c0b55c5be65ea4b2b7ac5,source-or-derived-text-candidate
arc2_paper,arc2_paper/paper/evaluator_only/kaggle_evaluation_2026_09_09/tasks/edb79dae.json,6174,3ae18a5f0718d8889e537663dd701c3d9b15cf70141a8bdf8ce287b6067a1a39,source-or-derived-text-candidate
arc2_paper,arc2_paper/paper/evaluator_only/kaggle_evaluation_2026_09_09/tasks/eee78d87.json,2625,a9641c13f2424c72f0e0812c3537b6f73d14f8444588b5ebab1a38c35db3d564,source-or-derived-text-candidate
arc2_paper,arc2_paper/paper/evaluator_only/kaggle_evaluation_2026_09_09/tasks/f560132c.json,6213,a644a88758ec834d4fe0c144ed16e895f4d0a36f88ef5e15f49296d76ed9ba24,source-or-derived-text-candidate
arc2_paper,arc2_paper/paper/evaluator_only/kaggle_evaluation_2026_09_09/tasks/f931b4a8.json,2700,a7d58c2c69fa698fbf9378e772dee5a0211dce6b3375501b3220e358c04c2d95,source-or-derived-text-candidate
arc2_paper,arc2_paper/paper/evaluator_only/kaggle_evaluation_2026_09_09/tasks/faa9f03d.json,4312,9306e92b59fe5a1d714d55528a5001235d6727c4c7652fb78671170c67d060a4,source-or-derived-text-candidate
arc2_paper,arc2_paper/paper/evaluator_only/kaggle_evaluation_2026_09_09/tasks/fc7cae8d.json,6041,2aea819a19b0c44b621b43ddd376d5b9c733c13adba13ef072909f25856cfaab,source-or-derived-text-candidate
arc2_paper,arc2_paper/paper/manifests/grouped_folds_v1.json,664158,c6112e37b29296b0139764de43611f01475d421cad5da7cd05f849d700a07a99,source-or-derived-text-candidate
arc2_paper,arc2_paper/paper/manifests/public_anchor_control_plane_v1.json,7634,c5b131ebdfcd72693c58d3bc0423f4f4f5ca7ec168fe329c22bf6be18cf635a7,source-or-derived-text-candidate
arc2_paper,arc2_paper/paper/manifests/public_release_preflight_v1.json,4257,98849ea1751d5afa5181a799bc55c8caec7b71761548713b9a83dfecff240823,source-or-derived-text-candidate
arc2_paper,arc2_paper/paper/manifests/submission_readiness_v1.json,2752,22a5031dda1894964e200f799eacd89cb883fdf5d59dd63cbdefa2d905ad597d,source-or-derived-text-candidate
arc2_paper,arc2_paper/paper/manifests/three_stage_pipeline_v1.json,7012,ee23ae12a09dbe017fc633934323753203596ce2f315b74ab6f137feb434737e,source-or-derived-text-candidate
arc2_paper,arc2_paper/paper/manifests/typed_object_family_audit_v1.json,23083,564f1c396802367a9793e64867d9d5d044aea8510bcd9215bef977eceed8a8b5,source-or-derived-text-candidate
arc2_paper,arc2_paper/paper/manifests/v3_notebook_dependency_inventory_v1.json,3134,fe5e25c822e20965700eec24a7332e94d0dac1df899728de7432dc0b2d4bc161,source-or-derived-text-candidate
arc2_paper,arc2_paper/paper/manifests/writeup_evidence_contract_v1.json,4308,be69f6387fbb87fa0b18460ee07e10b0a994497f836a5f28ba098d5567e42d83,source-or-derived-text-candidate
arc2_paper,arc2_paper/paper/media/cover_manifest.md,4717,632f233f0cea164a9301ebb9e2af5139c5d3a2ba599a1a162d3823799cabb0ef,source-or-derived-text-candidate
arc2_paper,arc2_paper/paper/results/ablation_table.csv,3778,fa5b9388fe0533e5795cada9cfeafaa828b297a13dd0dac59d7327ffd54c9952,source-or-derived-text-candidate
arc2_paper,arc2_paper/paper/results/dataset_revision_audit_2026-09-09.json,1909,e952317f20088e8fba7cd2bc20de59df70734fa2e756175c15996c50e41c4017,source-or-derived-text-candidate
arc2_paper,arc2_paper/paper/results/dataset_revision_tasks_2026-09-09.csv,41857,8e0818abc34aa3d745e819133276cb903b71231651254e63bdfdeeb42e5fd01d,source-or-derived-text-candidate
arc2_paper,arc2_paper/paper/results/development_stable_v2_failed_smoke_2026-09-09.json,4999,56ad731cdcd5cef351db68d4dbe437df9b8e6b5846d7acfdae4cb3dc8bc193c3,source-or-derived-text-candidate
arc2_paper,arc2_paper/paper/results/development_stable_v2_status_2026-09-09T050501+0800.json,3010,2e9d8d3955fef7075df785ca6fe2efbeb865d6ca6fdc9124027bbbcfe61d16af,source-or-derived-text-candidate
arc2_paper,arc2_paper/paper/results/development_stable_v2_terminal_capture_receipt_2026-09-11_v1.json,3265,3480807c7a13111956513c5c609b4afdd58b9f18d112fb3d0a86fec9eb22c03f,source-or-derived-text-candidate
arc2_paper,arc2_paper/paper/results/exact_overlay_v3_posthoc_development_2026-09-09.json,2836,bdf713ffc1710ecbd9ac2a2a3cf2b397bb5988c0fcd4aece49c5281ab12a18a5,source-or-derived-text-candidate
arc2_paper,arc2_paper/paper/results/failure_log.csv,247,2e8f3a32cfb5ff764bd834d958c2723584ebd74077ad40a3f3971fd5fdb3f082,source-or-derived-text-candidate
arc2_paper,arc2_paper/paper/results/family_results_template.csv,49,3cece28567d55b0791e94b5f98e4cbf721022f8a02d58a6b2eb4c538f0cbdda1,source-or-derived-text-candidate
arc2_paper,arc2_paper/paper/results/model_asset_license_access_2026-09-09.json,3328,ea52c069f4cfe1fdb5cb736c923524c13c3783a961c535e8f1d10867ac4d44f7,source-or-derived-text-candidate
arc2_paper,arc2_paper/paper/results/official_arc_prize_deadline_recheck_2026-09-09.json,3234,98f84b6622b4bae369e007833e0c76e7f9dceb536d3f7c27b0b0e7711ffe844c,source-or-derived-text-candidate
arc2_paper,arc2_paper/paper/results/paired_results_template.csv,141,ab1dc2bf23cb1bea78337ad5db83f60fc1468896e4765046bd1301839799bbb6,source-or-derived-text-candidate
arc2_paper,arc2_paper/paper/results/paper_track_NOTE.md,151,eb7a074c8e6f0be65db2a40135e76f711b62653ecf139a31f2cce20ba5bd08cd,source-or-derived-text-candidate
arc2_paper,arc2_paper/paper/results/public_anchor_local_gate_2026-09-17.json,2333,b3daabb89edd3f0973f06fd64756d1eaac9f3afecfe19ba48eb6332e76dcfa45,source-or-derived-text-candidate
arc2_paper,arc2_paper/paper/results/public_anchor_survey_2026-09-17.json,3864,ea8131e1dc654a2aae088e08ae84f985ff09a8c8b4ccc8abb12eb458cdd1701a,source-or-derived-text-candidate
arc2_paper,arc2_paper/paper/results/public_asset_verification_latest.json,795,dcf7ef30c6dcc06c2a2409d47e72b0695bd91b7e213c3410050bcccea07fe220,source-or-derived-text-candidate
arc2_paper,arc2_paper/paper/results/public_kaggle_deadline_recheck_2026-09-09T184121+0800.json,3196,1ac2df00410908d1c00127539bff8571e599f5d8edc35b98c8c8cad296ab0136,source-or-derived-text-candidate
arc2_paper,arc2_paper/paper/results/public_qwen_lb3181_anchor_v1_kaggle_dry_run_2026-09-17.json,5334,5239fb5ebc7ea774aa7eeb5996eb059d0ae89306855604821a365f8bd5dd7448,source-or-derived-text-candidate
arc2_paper,arc2_paper/paper/results/public_qwen_lb3181_anchor_v1_submission_launch_2026-09-17.json,1822,934d200cd90eba47fdc60b11c7d8fab333327b28bfd2b68fded8896dd5a62cb9,source-or-derived-text-candidate
arc2_paper,arc2_paper/paper/results/public_qwen_lb3181_anchor_v1_terminal_below_floor_2026-09-17.json,3126,52fe3e31764b0a816f2f6bafabba476af87c33065984c94901e31935d9b6d66a,source-or-derived-text-candidate
arc2_paper,arc2_paper/paper/results/qwen_archive_transport_audit_2026-09-09.json,747,273b2c5bf0bbbb46486a382cd6459c5492b55d22840c4d1c586300158ba9a2ce,source-or-derived-text-candidate
arc2_paper,arc2_paper/paper/results/registration_snapshot_2026-09-09.json,1474,2419832148397108460195d26c85707ac17d54a947876440b2a3de0b688ddeed,source-or-derived-text-candidate
arc2_paper,arc2_paper/paper/results/technical_artifact_watch.csv,15216,7f088b82f472fd798a5c6a23e830fe8ab764e294b2e53d1a47b5aaaa7b26ba0f,source-or-derived-text-candidate
arc2_paper,arc2_paper/paper/results/trm_adam_lr_compat_smoke_failed_2026-09-09.json,2801,d756637ddc8c6f915ce8b2a435e72b977039786df93a650a556a6ff0a7c57e7f,source-or-derived-text-candidate
arc2_paper,arc2_paper/paper/results/trm_wandb_log_compat_smoke_v2_local_behavioral_regression_2026-09-09.json,3133,d78d4957d6355f21ea681057c322a0ade60fcb07ac4890a680438110cd39af16,source-or-derived-text-candidate
arc2_paper,arc2_paper/paper/results/trm_wandb_log_compat_smoke_v2_local_ready_2026-09-09.json,3337,b49186c03bb7b2269e8bd9ee1f118642f7e0b12daec45429a9d78cdc05dac03a,source-or-derived-text-candidate
arc2_paper,arc2_paper/paper/results/typed_object_family_audit_v1_2026-09-09.json,2491,15d007d8348a8752f022c5c347b0d5f1f8d1f202d855013335f3fb294306b000,source-or-derived-text-candidate
arc2_paper,arc2_paper/paper/results/v176_independent_corpus_availability_audit_2026-09-09.json,4061,3cb7c33b99d439e4ddc6eaafc2e00757cce2a2c19687f04f61f2e6c06f00e8a2,source-or-derived-text-candidate
arc2_paper,arc2_paper/paper/results/v3_dependency_local_evidence_2026-09-09.json,2556,cd0cc9015991b67a643686d757f61c8fdd3982f5f7c54a72d5f1861b5d553ef6,source-or-derived-text-candidate
arc2_paper,arc2_paper/paper/results/v3_holdout_integrity_audit_2026-09-09.json,3537,d04c5599a17bb23e2cb941daf258886d8e4263c86ba80a764ae2617b6e4f5333,source-or-derived-text-candidate
arc2_paper,arc2_paper/paper/schemas/candidate_receipt_v1.schema.json,2927,82fec9c00e704f58f8adcd10f22e4b77ef38911269213178cecef3116955decc,source-or-derived-text-candidate
arc2_paper,arc2_paper/paper/schemas/competition_observation_v1.schema.json,3036,3b7033307271c449abfda179fbbee1883fad20bd9df35e4a8e0fcc6a5ac13f1c,source-or-derived-text-candidate
arc2_paper,arc2_paper/paper/schemas/stage_authorization_v1.schema.json,2173,a8e457a6026b0a90e6c5e9b9cddf3d37eb8ae1831ffa01fd11e96de58bd7db7b,source-or-derived-text-candidate
arc2_paper,arc2_paper/paper/schemas/stage_failure_receipt_v1.schema.json,9669,69108657658d209105a6a5f99f3603c63041a93f8137222ac519f649b64602f2,source-or-derived-text-candidate
arc2_paper,arc2_paper/paper/schemas/stage_receipt_v1.schema.json,11749,9ee3d3107685a5d2b232a57d274fee5d0f1e1a10ef4c8b3af12d0c8a13faa531,source-or-derived-text-candidate
arc2_paper,arc2_paper/paper/tests/fixtures/candidate_receipts_valid.jsonl,779,9eba0a74ccd182be282d3ac065e8cc279e86c436199c6a2a5d5c77a131ad8c0d,source-or-derived-text-candidate
arc2_paper,arc2_paper/paper/tests/fixtures/failure_log_valid.csv,443,02316c01466300a7df45f66fe857bf99d3241c0b1c25f4fdc5d8f1181d829b61,source-or-derived-text-candidate
arc2_paper,arc2_paper/paper/tests/fixtures/family_results_small.csv,281,691f9a4fc26784ca5f9e98c103c1e366014cdbfe9c6fcc3ececbfbf721c86673,source-or-derived-text-candidate
arc2_paper,arc2_paper/paper/tests/fixtures/paired_results_small.csv,225,8ffd5dc157dad80972f780d0bdf1192470d6cd9c02e15432e2a08ca747a48de1,source-or-derived-text-candidate
arc2_paper,arc2_paper/paper/tests/test_build_stage_measurement.py,14310,44753637746bc2fb16e8507b468bb9086c830140e2bf21b17e2872fdf2316eb4,source-or-derived-text-candidate
arc2_paper,arc2_paper/paper/tests/test_build_stage_receipt.py,7203,c6ce4f38e035dfded632b571dc30f9a2f0f2717a2690bd70d960301d9c783f0d,source-or-derived-text-candidate
arc2_paper,arc2_paper/paper/tests/test_commit_stage_failure_receipt.py,7037,f61b32c17615f28206457b77af90aa25eed5dd75bf13a3f8afc835696b55aaed,source-or-derived-text-candidate
arc2_paper,arc2_paper/paper/tests/test_commit_stage_receipt.py,5372,c67c3c1477f12fbe8c24dde176ae39d9b7a4abda5882cece0eb2e02d80800573,source-or-derived-text-candidate
arc2_paper,arc2_paper/paper/tests/test_competition_observation_schema.py,2877,09b8a385fe3b2f9bd5cf222877d40a9d487952ef4c6b3553f5460bbf655ea8ed,source-or-derived-text-candidate
arc2_paper,arc2_paper/paper/tests/test_deadline_receipt.py,2645,90a17682346eedce0ba975d3b90008d3373ef153d6913fd07be0664735a6aaab,source-or-derived-text-candidate
arc2_paper,arc2_paper/paper/tests/test_notebook_dependency_audit.py,6466,4b2e2d79dc51054b8c2be776cbd54d232f512bb4eb013967c79b3ec8a5f9c2ed,source-or-derived-text-candidate
arc2_paper,arc2_paper/paper/tests/test_paper_tools.py,7537,bdb10cbe36c73327341ba377a546714af34ecddb51571d81dc9199232590a8a4,source-or-derived-text-candidate
arc2_paper,arc2_paper/paper/tests/test_public_anchor_control_plane.py,4297,145b8ed850f83d431f020e61bc6b0fcc6839ef74d67df7a0a38dc05af2271a7f,source-or-derived-text-candidate
arc2_paper,arc2_paper/paper/tests/test_public_kaggle_deadline_receipt.py,2955,15fc34157136accf737d74b69340575fa6401bcc96bab81805eb0bb723defe7c,source-or-derived-text-candidate
arc2_paper,arc2_paper/paper/tests/test_release_audit.py,4378,c450d328c4a70521cdc21b92cf26cb32ef5263fffd641603aef5694622e78881,source-or-derived-text-candidate
arc2_paper,arc2_paper/paper/tests/test_runtime_smoke_receipt.py,10617,2c8c7b3b78ccf66910483aaf45fe7fcc72e8b9174a830cc9a76aacd3979a399e,source-or-derived-text-candidate
arc2_paper,arc2_paper/paper/tests/test_stage_authorization.py,9718,ec82ef800cf732175843b9c14669973f9dae7802757aa3d0a04c7c362e3ae41e,source-or-derived-text-candidate
arc2_paper,arc2_paper/paper/tests/test_stage_authorization_schema.py,2616,038a9b7f1ea346973a036ad479ed021f87d8bc7ac18444d4aef279e845d49de1,source-or-derived-text-candidate
arc2_paper,arc2_paper/paper/tests/test_stage_failure_receipt.py,10889,01c2ab6392e44a6c131c1bb801b702fafedec134015713f4d2c0d555bc67d6f2,source-or-derived-text-candidate
arc2_paper,arc2_paper/paper/tests/test_stage_receipt_schema.py,2736,3b212255bae8c6fd4ecbd4ee317a33e0766a72c0ca2217782f523f109c9d0bea,source-or-derived-text-candidate
arc2_paper,arc2_paper/paper/tests/test_submission_readiness.py,4632,89ac34af2d117aa4f5c001b5f2ef3840c55f9249ed5226741ccf958ea8fc83f0,source-or-derived-text-candidate
arc2_paper,arc2_paper/paper/tests/test_three_stage_pipeline.py,31123,b97579b1d91d2772d4c39532829d13fc9018180f1a21f7b861b4a421dd5e6cc1,source-or-derived-text-candidate
arc2_paper,arc2_paper/paper/tests/test_three_stage_pipeline_audit.py,8888,1ab4c47b512a10b49d5aaff026cdb94cfcc5208f043e4e7fc63957cb134727f2,source-or-derived-text-candidate
arc2_paper,arc2_paper/paper/tests/test_trm_compat_v2.py,7187,856d44c690a4ae20b4a8ac725b28a0b7d271c7ad11f77f9b4bd684a9c790f838,source-or-derived-text-candidate
arc2_paper,arc2_paper/paper/tests/test_v176_corpus_availability.py,2183,d7392c00775e5586d62191ca2cfb413a5150fa32d98d316ff90845ea8cf43116,source-or-derived-text-candidate
arc2_paper,arc2_paper/paper/tests/test_v3_dependency_local_evidence.py,2715,63c721a4b7e27b1e987728e02895d23504a312a0a6108f1d00da60b87d973061,source-or-derived-text-candidate
arc2_paper,arc2_paper/paper/tests/test_v3_holdout_integrity.py,2893,06ed7ef953b79b0e24ff345f1508535477d699b37bf94df931d896b790355261,source-or-derived-text-candidate
arc2_paper,arc2_paper/paper/tests/test_writeup_audit.py,4352,6ed6e4adf1c77ec8e443c4585dcc6b9ad5b7edded7234534b168243f8d869d82,source-or-derived-text-candidate
arc2_paper,arc2_paper/paper/tools/analyze_family_coverage.py,5094,e29173bf42929d5e5ec8687fd6794f73b8cca7d63ac61f029598f3b38cfd2136,source-or-derived-text-candidate
arc2_paper,arc2_paper/paper/tools/analyze_paired_results.py,6824,95811c39e335a78479d632b4d7761febf729d90218b8bf8a0852c4f8104551fc,source-or-derived-text-candidate
arc2_paper,arc2_paper/paper/tools/audit_dataset_revision.py,10679,8642b12582656c487a7965bee4b1a17fbaeb287a1552e0ed55ec56177e115504,source-or-derived-text-candidate
arc2_paper,arc2_paper/paper/tools/audit_notebook_dependencies.py,8772,b7ea6804e74dcb60622044763894b7d4d5b089c091f1a493630692ba6f59298d,source-or-derived-text-candidate
arc2_paper,arc2_paper/paper/tools/audit_public_anchor_control_plane.py,39992,1ad215eef5e88128c32606496581fe6f28f8ca8d1eed0a41890100280f081d25,source-or-derived-text-candidate
arc2_paper,arc2_paper/paper/tools/audit_release_manifest.py,12516,1a70e6accd06d7824dca15c2c7dfd4f52d0b0d58c41702c2b5a11f9eaf1cbe44,source-or-derived-text-candidate
arc2_paper,arc2_paper/paper/tools/audit_submission_readiness.py,13469,35f686a1bc7d592fbb113de80c51438ddbe366473e30571d02c12b78efc0f097,source-or-derived-text-candidate
arc2_paper,arc2_paper/paper/tools/audit_three_stage_pipeline.py,95163,1eefc2e7fb8395429abea736da7353eb974b55e8443a9a609e79223e6a5a9302,source-or-derived-text-candidate
arc2_paper,arc2_paper/paper/tools/audit_v176_corpus_availability.py,6962,6d6f12838e2c08783dacbf7989c3c9f2c778066a23d95fff27a81ad937a3f24e,source-or-derived-text-candidate
arc2_paper,arc2_paper/paper/tools/audit_v3_holdout_integrity.py,10793,9b63c513d3b0d2477f1fb5fd5275691b14e1d65ebf88722a1e601c381a21eb99,source-or-derived-text-candidate
arc2_paper,arc2_paper/paper/tools/audit_writeup.py,13920,a2088ec49b8d0f0cc342a614d9bc27e6971a9d1aa17ed780bdae18e790aaa94e,source-or-derived-text-candidate
arc2_paper,arc2_paper/paper/tools/authorize_stage.py,11776,9ba09d4c7ffb3a647105e9897727026ac4938c8461f3903fc471d442a6ff29d0,source-or-derived-text-candidate
arc2_paper,arc2_paper/paper/tools/build_grouped_folds.py,17652,fd20c16afa238a1fe7ba68fc3803731b303547135b51d68722afa089d49ea192,source-or-derived-text-candidate
arc2_paper,arc2_paper/paper/tools/build_runtime_smoke_receipt.py,25973,b3a29a40001ec3d43e1c544cd4218d81fcd7abc9d00175bd5521203cfdda7046,source-or-derived-text-candidate
arc2_paper,arc2_paper/paper/tools/build_stage_measurement.py,46540,eabcafd16732ca4f602706f15165107ccc59bc394a544046146dc614fd58521f,source-or-derived-text-candidate
arc2_paper,arc2_paper/paper/tools/build_stage_receipt.py,8656,42fc143264c3134da9b52b3469216762f9d41007dd6610b2e20d596c5d98c4b7,source-or-derived-text-candidate
arc2_paper,arc2_paper/paper/tools/build_typed_object_audit_manifest.py,5048,aa0bc0d541bb149bd806d57639ec2794b33e9a14870cb5895992ff40af4f85fe,source-or-derived-text-candidate
arc2_paper,arc2_paper/paper/tools/commit_runtime_smoke_receipt.py,5248,1385cdb7092e27e12ff863366ee051eac1d3258472ddbfe7b21d0164dff86b0a,source-or-derived-text-candidate
arc2_paper,arc2_paper/paper/tools/commit_stage_failure_receipt.py,6192,dc453dc53227aca8ff46819ab7b8c5ae77af6709ee95a6025b7f3e66af247771,source-or-derived-text-candidate
arc2_paper,arc2_paper/paper/tools/commit_stage_receipt.py,6128,a1d350ce871ad5d5439777ceac0c6570edfbfe7d934e54fe1f5da959c4be4ee4,source-or-derived-text-candidate
arc2_paper,arc2_paper/paper/tools/validate_candidate_receipts.py,9504,bba2bea91cec47894f8194892fcabd0a9480d9567493e02ed758d98d625adca5,source-or-derived-text-candidate
arc2_paper,arc2_paper/paper/tools/validate_failure_log.py,6629,26f0faf95fd5aca3f6295ce010dc965162a75bac69ab7dfe74d9dd243b8eaec0,source-or-derived-text-candidate
arc3_2026,arc3_2026/docs/BASELINE_PROTOCOL.md,7182,997cb66a4155f088f0e3d82c3b5d19e1067d64944f56752107b780b3b1d31acb,source-or-derived-text-candidate
arc3_2026,arc3_2026/docs/IDENTITY_GATE.md,3247,eb847501007d4c3b4df12f65f5bb4abe468ae4b302dcd64964d39f5a5f178e2e,source-or-derived-text-candidate
arc3_2026,arc3_2026/docs/MIGRATION_MATRIX.md,5415,4b853934db6a19be56b31080557c133c895840fbe3e3ecac712779d90ab64ca0,source-or-derived-text-candidate
arc3_2026,arc3_2026/docs/RULES_AUDIT.md,8852,a41d70b0a3be347498a78f94c41037ccee67178df1862176a38d36daf1672f15,source-or-derived-text-candidate
arc3_2026,arc3_2026/manifests/denylist.txt,318,b312332510984a59a2aaa4bd0dd1c1d139eebe405fc1ce5f9fd786c597c2311f,source-or-derived-text-candidate
arc3_2026,arc3_2026/manifests/official_source_heads.json,1017,5db3d9809522c13ed185d7b1f223cf11c67dc19645a59d63d134889d5ecb414a,source-or-derived-text-candidate
arc3_2026,arc3_2026/receipts/2026-09-11-source-snapshot.md,3553,91ae0607ad0a66eedffd60213256a74bd1a7a73e48ec706726400717bb498e99,source-or-derived-text-candidate
cuhk_x_large,cuhk_x_large/official_receipts/2026-09-08T2138Z_initial_verification.md,4051,8e253e94f9e04047eabebd87f46480a7c7f97e4a3c8e0494548dc5ce72d9776c,source-or-derived-text-candidate
cuhk_x_large,cuhk_x_large/official_receipts/2026-09-08T2147Z_first_submission.md,1670,a53db1530d1445e32e5c0e32923028b6bb16f9331ce44b948ca32d7302fcc0df,source-or-derived-text-candidate
cuhk_x_large,cuhk_x_large/official_receipts/2026-09-08T2245Z_nonvisual_rf_v1.md,2044,14b1651e3bbc80e047ca2416209d3ef4cb7370968fffb8729bd8b517de1d0ce9,source-or-derived-text-candidate
cuhk_x_large,cuhk_x_large/official_receipts/2026-09-08T2258Z_visual_download_status.md,1554,1a7755ac1fc4fecaeaadd2f0416f514a9208f518a8193d3c767832a96acd4b8a,source-or-derived-text-candidate
cuhk_x_large,cuhk_x_large/official_receipts/2026-09-08T2322Z_score_078070.md,1689,f9f601dc6fdbb8001a42d0bac87c76978a54a922e069cf2ddd1156a9b0c01bc6,source-or-derived-text-candidate
cuhk_x_large,cuhk_x_large/official_receipts/2026-09-09T0635Z_visual_vlm_v1.md,2591,407db4e746f1951a5bc6a18ad20de90e1518eef894d6ef22e2d2a054210ca6fb,source-or-derived-text-candidate
cuhk_x_large,cuhk_x_large/official_receipts/2026-09-09T0734Z_visual_consensus_submission.md,2018,42499f119160f79d3993506f03ba7ba72f9899322a757e9ae420d62e54dd58da,source-or-derived-text-candidate
cuhk_x_large,cuhk_x_large/official_receipts/2026-09-09T0748Z_hau_prefix_probe.md,932,9f2bceb1147d6c9b70d7081e0218e14f9c8b513710c4af0b0a0bf3a69af00a0d,source-or-derived-text-candidate
cuhk_x_large,cuhk_x_large/official_receipts/2026-09-09T0803Z_hau_multi_pairwise_submission.md,2893,e50c57284de3c7e4ee25b6efe41d2bb515476776e72cde7b7d2299fc3d95bda1,source-or-derived-text-candidate
cuhk_x_large,cuhk_x_large/official_receipts/2026-09-09T0819Z_hau_extended_visual_probes.md,2123,3aee1213f94cd189826d7bec66a9550c7bf2e3b61923f38c0465ad149501773e,source-or-derived-text-candidate
cuhk_x_large,cuhk_x_large/official_receipts/2026-09-09T0956Z_qwen3_vl_8b_audit.md,2375,c54e0596b316efb84d858c925fa7eb81af1397121b08814043e9283644ba4a64,source-or-derived-text-candidate
cuhk_x_large,cuhk_x_large/official_receipts/2026-09-09T1008Z_test_prefix_increment.md,3235,6bc0351694970fda2940313cf1909730ce4c83ee875f15e3978fd095dfbe019d,source-or-derived-text-candidate
cuhk_x_large,cuhk_x_large/official_receipts/2026-09-09T1056Z_harn_multimodal_submission.md,4238,017379b40a41b60c92f2d2515e680592764c5700b552f7c9f32035c3503aadae,source-or-derived-text-candidate
cuhk_x_large,cuhk_x_large/official_receipts/2026-09-09T1107Z_final_candidate_selection.md,1505,774a787b9b23672db8335dff1fccacfc757f3d94101643ecaeaa2060a3360c7b,source-or-derived-text-candidate
cuhk_x_large,cuhk_x_large/official_receipts/2026-09-09T1125Z_harn_multiview_audit.md,3854,3f2149cda3b017308ea29d3f37e1edec4a81172e59ea3f20b4baa6d7f26606ba,source-or-derived-text-candidate
cuhk_x_large,cuhk_x_large/official_receipts/2026-09-09T1147Z_harn_mosaic_audit.md,2684,13dd9621e13492a7c7e9fe76fcc707d45cd0cce149db949546d87c0fc5ea4c92,source-or-derived-text-candidate
cuhk_x_large,cuhk_x_large/official_receipts/2026-09-09T1154Z_test_prefix_increment_2.md,2059,6427f8a138a8641d6e5af90ae6c7ff1e80ad58c220ebb343ff54518ce9bfe229,source-or-derived-text-candidate
cuhk_x_large,cuhk_x_large/official_receipts/2026-09-09T1216Z_hau_linked_single_submission.md,2937,ec097b39fd61bb89828f31a5fd71e050e201630c408fc3fae20ed7717ea70f04,source-or-derived-text-candidate
cuhk_x_large,cuhk_x_large/official_receipts/2026-09-09T1237Z_emotion_extratrees_submission.md,3596,120b2d32c794635e850597e42cd972ff0685e9dbd23b81df17758721518be987,source-or-derived-text-candidate
cuhk_x_large,cuhk_x_large/official_receipts/2026-09-09T1323Z_final_reproducibility_freeze.md,2555,ab0397e7bead3d43d66a15f808c591941a4f4f78f3b60158867d3782a198dcb9,source-or-derived-text-candidate
cuhk_x_large,cuhk_x_large/official_receipts/2026-09-09T1334Z_test_archive_complete.md,1582,41254f0a6328c01c0a77fa2b037f2f3c05f1566df9723b03a264e41816709287,source-or-derived-text-candidate
cuhk_x_large,cuhk_x_large/official_receipts/2026-09-09T1352Z_vlm_replay_freeze.md,2307,4fef023e83df2fe5c6638f949b03b1045b09741c5c191bdb1c596d5d794967a3,source-or-derived-text-candidate
cuhk_x_large,cuhk_x_large/official_receipts/2026-09-09T1357Z_final_reproducibility_freeze_v2.md,1864,9354177d482d189f411dfbd6034672491d1f944417533b5458003c3aee3b78c0,source-or-derived-text-candidate
cuhk_x_large,cuhk_x_large/official_receipts/2026-09-10T1255Z_harn_fresh20_repro.md,2689,f2bd4ba20469cd853565db6524e0496fd5a696367827b9b9a2b0cf59f8b722fb,source-or-derived-text-candidate
cuhk_x_large,cuhk_x_large/official_receipts/2026-09-10T1303Z_final_reproducibility_freeze_v3.md,1260,df661513610506089e431a9111183eef951f6dcb8daa429ade534fcdcea7333a,source-or-derived-text-candidate
cuhk_x_large,cuhk_x_large/official_receipts/2026-09-11T0216Z_final_selection_recheck.md,1315,e4b4f3c1f1a7962252c5004cc50604872302ff96ec110bfdd0f10bef4f0b5929,source-or-derived-text-candidate
cuhk_x_large,cuhk_x_large/official_receipts/2026-09-11T0328Z_sensor_option_semantics_v1_pre_fit_failure.md,1032,93f46a170dd3cd88557084818344fac056b5b8fc9e9d21b11436c75fdf548dd5,source-or-derived-text-candidate
cuhk_x_large,cuhk_x_large/official_receipts/2026-09-11T0333Z_sensor_option_semantics_v1_pre_result_runtime_abort.md,1347,858a8eefd0a6aa892a6713718001b7a7010b750a5750c015202d72eb19e1c10b,source-or-derived-text-candidate
cuhk_x_large,cuhk_x_large/official_receipts/2026-09-11T0340Z_temporal_vlm_preregistered50_blocked_asset.md,2698,e67ef963f78eafe29906afc5ba37702cb6ddb7be9f35cd28fd60bed320a0565a,source-or-derived-text-candidate
cuhk_x_large,cuhk_x_large/official_receipts/2026-09-11T0348Z_sensor_option_semantics_v1_report_literal_failure.md,1142,483975ec0a212ca7114e85ed727ef3d7f3eab06d583fba8fb8502abd9563b530,source-or-derived-text-candidate
cuhk_x_large,cuhk_x_large/official_receipts/2026-09-11T0352Z_sensor_option_semantics_v1_rejection.md,2545,85b9f06d9004cd9d01088c421dad1d7935999b78b5c53e576f8270be083aa762,source-or-derived-text-candidate
cuhk_x_large,cuhk_x_large/official_receipts/2026-09-11T0356Z_final_reproducibility_freeze_v4.md,871,0dc50a830d9793957ed468ca02c2a128b56db98c0210be5b6d423ee19f652e3c,source-or-derived-text-candidate
cuhk_x_large,cuhk_x_large/official_receipts/2026-09-11T0422Z_official_team_registration.md,768,b302799667568ad8a7528d74259d516ce6eba7d321765577061d47b8c36c24a4,source-or-derived-text-candidate
cuhk_x_large,cuhk_x_large/official_receipts/2026-09-11T0443Z_stage2_native_qwen_missing_sensor_v1_reject.md,1890,243512b84b8a901e526b8671e67471d6bdf04da81707412f27314f77596733e6,source-or-derived-text-candidate
cuhk_x_large,cuhk_x_large/official_receipts/2026-09-11T0443Z_stage2_native_v1_core_pass.md,1545,731fa32a1c6d5516334ab08b0519bfd183e49517478e3f62e4c61113dc549463,source-or-derived-text-candidate
cuhk_x_large,cuhk_x_large/official_receipts/2026-09-11T0449Z_harn_stage2_native_v1_fail_closed.md,1541,b8e8a68c0cd7eff9486917ae4f918c1ac6df9029a356dff67bab3d403752e5da,source-or-derived-text-candidate
cuhk_x_large,cuhk_x_large/official_receipts/2026-09-11T0456Z_p1_decomposed_sensor_fresh48_reject.md,1893,419c80d3b1fe9874b2d6c298264b9701f069e28d009cc9efcd198f6b59d279a3,source-or-derived-text-candidate
cuhk_x_large,cuhk_x_large/official_receipts/2026-09-11T0456Z_stage2_native_v1_network_free_candidate_pass.md,1539,b80f01fc354d9ee2d9410fbb325f9be5867eec0907e49b95c7b15434a759f49f,source-or-derived-text-candidate
cuhk_x_large,cuhk_x_large/official_receipts/2026-09-11T0510Z_final_reproducibility_freeze_v5.md,1157,5d865edab3d00e746c4a3c8223a48294bc1aabf953147b2b457d74050d572923,source-or-derived-text-candidate
cuhk_x_large,cuhk_x_large/official_receipts/2026-09-11T0519Z_p1_control_plane_audit_reject.md,1066,a54661af41ee900ec142a5f5979fb5ec9edc6c2669b3c033fae96bdda1f5ba2a,source-or-derived-text-candidate
cuhk_x_large,cuhk_x_large/official_receipts/2026-09-11T0519Z_stage2_owned_package_control_audit.md,1007,954c8fb2cda2d70a94d6788e14b3b11f984cd584a87d4aa64f542baa2844b95e,source-or-derived-text-candidate
cuhk_x_large,cuhk_x_large/official_receipts/2026-09-11T0520Z_p1_independent_metrics_audit_reject.md,2743,0e8b54d7554306c9240a35a191469bcd358c9280b5a0f604a347372c1c75779b,source-or-derived-text-candidate
cuhk_x_large,cuhk_x_large/official_receipts/2026-09-11T0526Z_final_reproducibility_freeze_v6.md,1410,8a723050530de90917edd276d33a824894e3635f4e379d0ea7ad37e2c5b1f062,source-or-derived-text-candidate
cuhk_x_large,cuhk_x_large/official_receipts/2026-09-11T0537Z_final_reproducibility_freeze_v7.md,1477,998a3bfb54252404f5adf1d2278a5270b23765523b87a3874cdf0def551d4b2b,source-or-derived-text-candidate
cuhk_x_large,cuhk_x_large/official_receipts/2026-09-11T0600Z_stage2_owned_raw_package.md,1760,3baf4fb7031a59f95e9aab9bed0ace1c699bf9bebbff19bc0cc80e2cb64f38f3,source-or-derived-text-candidate
cuhk_x_large,cuhk_x_large/official_receipts/2026-09-11T0616Z_final_reproducibility_freeze_v8.md,928,d20000905c890503faedbe8f1fed61b61407d7a58034493191bc08356744b404,source-or-derived-text-candidate
cuhk_x_large,cuhk_x_large/official_receipts/2026-09-11T0629Z_final_reproducibility_freeze_v9.md,1214,d925bb9b825034945b1a765943534cbb51fd9b616f28cc82e57fbaa603b1c989,source-or-derived-text-candidate
cuhk_x_large,cuhk_x_large/official_receipts/2026-09-17T0328Z_final_private_leaderboard_settlement.md,2405,5bfe592974928c42e4beaf184aa66bfba5d2ce719a92a759ce737573292fac35,source-or-derived-text-candidate
cuhk_x_large,cuhk_x_large/reports/clip_joint_decoder_v1_rejection_receipt.json,924,a618780c1a4419abb1a4115a7d828a6a9562154bb6cda1d653cf4087f726f539,source-or-derived-text-candidate
cuhk_x_large,cuhk_x_large/reports/clip_joint_decoder_v1_summary.json,18597,94fb8c95518115a66e7287b55f954e180b90cb22ffd05f28272284f2f0d87875,source-or-derived-text-candidate
cuhk_x_large,cuhk_x_large/reports/control_plane_snapshot_2026-09-11.md,1588,6882e9f9cc21147c784c74cad9e2b4819f9e20cf3d7e441fb6272341141912c5,source-or-derived-text-candidate
cuhk_x_large,cuhk_x_large/reports/cuhk_series_intel_delta_2026-09-11.md,6730,94f45f12863bded7c97d4707a91a5d27b71a97386c37847430673a42f4c3b64f,source-or-derived-text-candidate
cuhk_x_large,cuhk_x_large/reports/cuhk_series_research_and_sprint_plan_2026-09-11.md,12273,ab529d92312e5f6f5b56e020cac8d0d777a9ef3899d8d19df89d325b6f128aa0,source-or-derived-text-candidate
cuhk_x_large,cuhk_x_large/reports/emotion_extratrees_rf_union_v1_candidate.json,6592,7dd1218e51d6fa0c4c94c885f4571d17e7750796a88d05c1716648c0332f39af,source-or-derived-text-candidate
cuhk_x_large,cuhk_x_large/reports/emotion_feature_ablation.json,5456,9161b38af7c1dff4dda464ac5697620da7cc5e69b8a4817ca74bd8b95040f06a,source-or-derived-text-candidate
cuhk_x_large,cuhk_x_large/reports/emotion_pairwise_extratrees_summary.json,16597,8e2ba657786423585545e94ba4bbc0cfd4df3d81fe23dcda4529527901789d31,source-or-derived-text-candidate
cuhk_x_large,cuhk_x_large/reports/emotion_pairwise_xgb_summary.json,2988,f1d611bba187ffa510bbcb4b534d267570cfaa07e09f2ceb9985e9c74eead617,source-or-derived-text-candidate
cuhk_x_large,cuhk_x_large/reports/emotion_rf_xgb_consensus_v1_candidate.json,1691,00bed34a1a309aac87e5c9029a71559bd3916a4d4622b9a8f77391f4f3cb01ab,source-or-derived-text-candidate
cuhk_x_large,cuhk_x_large/reports/final_reproducibility_manifest_2026-09-09.json,17201,b5ad21e638d47b8fb0fc406a59cb7442635a921bd2c969a99c6cbcbb1d252c4d,source-or-derived-text-candidate
cuhk_x_large,cuhk_x_large/reports/final_reproducibility_manifest_2026-09-09_v2.json,21946,ca99cd74e7e3e8f01930c914b119916cb8117d3c73cde2f16a4be4c987fae4be,source-or-derived-text-candidate
cuhk_x_large,cuhk_x_large/reports/final_reproducibility_manifest_2026-09-10_v3.json,25604,f7d268a218c43234ccf424b3d70b4806f6d3bc6f551d592ecd979b7fd8e5aa4c,source-or-derived-text-candidate
cuhk_x_large,cuhk_x_large/reports/final_reproducibility_manifest_2026-09-11_v4.json,32023,4cf5eee107eafa636145ebb1ff73e7c267fc7fa3a783566afa0363475195ead7,source-or-derived-text-candidate
cuhk_x_large,cuhk_x_large/reports/final_reproducibility_manifest_2026-09-11_v5.json,44372,8bc28ce1d22fa9001a9004ac8fe986554bf28ca9d7443c6b80238b4dc60a4760,source-or-derived-text-candidate
cuhk_x_large,cuhk_x_large/reports/final_reproducibility_manifest_2026-09-11_v6.json,47565,2c25c50a34e8c59581ec3ff01427701e990f2f70b0077c6d7b0f5858288ed386,source-or-derived-text-candidate
cuhk_x_large,cuhk_x_large/reports/final_reproducibility_manifest_2026-09-11_v7.json,50609,c853249b4fb90a2c1bfc3991a957255ed583e1879de15201e298ba3c05862dfb,source-or-derived-text-candidate
cuhk_x_large,cuhk_x_large/reports/final_reproducibility_manifest_2026-09-11_v8.json,58494,05f764d46a3fd61f48c9b4bbfca90cc26c130682783f4abba99e5c950fe26c32,source-or-derived-text-candidate
cuhk_x_large,cuhk_x_large/reports/final_reproducibility_manifest_2026-09-11_v9.json,62057,6d86ca9403d8ec84d078379e1073e9e243756ed312a932d0c161447f3cde9ae6,source-or-derived-text-candidate
cuhk_x_large,cuhk_x_large/reports/final_reproducibility_verification_2026-09-09.json,466,a0659db50b25e031d942c58db96b536c7457f84bbc8ba771cdd91cd6bc46461d,source-or-derived-text-candidate
cuhk_x_large,cuhk_x_large/reports/final_reproducibility_verification_2026-09-09_v2.json,469,1a6b8f7e700ce0e6b2e2076084ff0b43f45e13e9f70d6fe8ff92642ff0fae336,source-or-derived-text-candidate
cuhk_x_large,cuhk_x_large/reports/final_reproducibility_verification_2026-09-10_v3.json,470,a61f60eaa9693095698822382dc9fda672e29722259d8f83fc035eeb6f4cc297,source-or-derived-text-candidate
cuhk_x_large,cuhk_x_large/reports/final_reproducibility_verification_2026-09-11_v4.json,470,41bda0f16b8a9195fa422554222dc948d8cb56f63c2987801b82aa3b8e0246ce,source-or-derived-text-candidate
cuhk_x_large,cuhk_x_large/reports/final_reproducibility_verification_2026-09-11_v5.json,513,fc806714080b70879777d9b4c59743f7db24b0052c2e27f4914a1ac3e5333d62,source-or-derived-text-candidate
cuhk_x_large,cuhk_x_large/reports/final_reproducibility_verification_2026-09-11_v6.json,513,9c8f3eaea84e539a87f7ed37bf6ece726676ca7ba2667bfb1eed037b845526ee,source-or-derived-text-candidate
cuhk_x_large,cuhk_x_large/reports/final_reproducibility_verification_2026-09-11_v7.json,513,39f4a2c38eed852a23b1494f003414b03f1b19ea478565239bbdf20c368c6f72,source-or-derived-text-candidate
cuhk_x_large,cuhk_x_large/reports/final_reproducibility_verification_2026-09-11_v8.json,597,03962b5ed56beb092e5e49d9d2763c3f5bc6d6b59021af3917cc9c3a3b894d1b,source-or-derived-text-candidate
cuhk_x_large,cuhk_x_large/reports/final_reproducibility_verification_2026-09-11_v9.json,597,af9bd05690be75ecba2aaa9657ea3a2d9fdfeb485c27227bcc7dc21a51eaff7c,source-or-derived-text-candidate
cuhk_x_large,cuhk_x_large/reports/harn_multimodal_consensus_v1_candidate.json,6000,b2fa28d1896390c37fcf913fd2816f0550a1821896a9483cdbd9aeed12c84acc,source-or-derived-text-candidate
cuhk_x_large,cuhk_x_large/reports/harn_multimodal_extratrees_summary.json,13411,3c13f12eed0c95ece27f765bf29a5e059301224b9155cbaec65faa2c624cf399,source-or-derived-text-candidate
cuhk_x_large,cuhk_x_large/reports/harn_stage2_native48_protocol.json,11277,d2811db969f8f632b99a458f1b18b894d218d513fb436f2869b10858cfd6a0d7,source-or-derived-text-candidate
cuhk_x_large,cuhk_x_large/reports/harn_stage2_native_v1_network_isolation_preflight.json,381,0b91b2971616540e1e4d67a8801e0073afa4b4d1bb285e01b65dfc07ed9e1d41,source-or-derived-text-candidate
cuhk_x_large,cuhk_x_large/reports/harn_stage2_native_v1_rejection.json,2191,1e9674bafe28b434cee51ceb00463053ca157c7e839375466cf33516f2621393,source-or-derived-text-candidate
cuhk_x_large,cuhk_x_large/reports/harn_visual_extraction.json,2314,fb22d4b9ccc514be584d0f30942d538c22618716b878aece428a147358c442f4,source-or-derived-text-candidate
cuhk_x_large,cuhk_x_large/reports/hau_linked_single_consensus_v1_candidate.json,8908,dbdc01caed0070eadc970a4b944ee7efa987d65240199982e487c8607ea274cc,source-or-derived-text-candidate
cuhk_x_large,cuhk_x_large/reports/linked_question_structure_audit.json,3864,3f7931c1b5d0e34c7eb16b3a7ef3e3f6850a857372cc07ef9a374f4145a5105b,source-or-derived-text-candidate
cuhk_x_large,cuhk_x_large/reports/multi_pairwise_conf005_union_v1_candidate.json,8323,50cd037afbf7319ca542c87a49e2ab6362aa8c1bbbc342b14d25854324a73ab8,source-or-derived-text-candidate
cuhk_x_large,cuhk_x_large/reports/multi_pairwise_xgb_summary.json,4881,e6eaa4fbfbd580cc24f7a7bbad22b1e479fc232256594bab1cbfe9f2c53912b9,source-or-derived-text-candidate
cuhk_x_large,cuhk_x_large/reports/nonvisual_feature_extraction.json,751,0993392d744b9c0dfd6171462ca2bf4a295a277ab394bcb14a8d6933ca29aa7c,source-or-derived-text-candidate
cuhk_x_large,cuhk_x_large/reports/nonvisual_rf_v1_harn_single_highconf_candidate.json,1039,9ef8027798787845dedfb2d07098b052d8d45764887facb27ee1ddf83a50edac,source-or-derived-text-candidate
cuhk_x_large,cuhk_x_large/reports/nonvisual_sensor_error_analysis.json,19404,554325e1f016ac9d81246b388c4e12872a63040179d8106093ecdabe5129b4b9,source-or-derived-text-candidate
cuhk_x_large,cuhk_x_large/reports/nonvisual_sensor_error_analysis.md,1094,1e60ba7921501baa55609083253cb445f6fa005840892308e7bebe7984067c31,source-or-derived-text-candidate
cuhk_x_large,cuhk_x_large/reports/nonvisual_sensor_oof_summary.json,9339,8f29cba28eb93e45156db54a2f493b54d8798671bf7a29da46c61148be7ab507,source-or-derived-text-candidate
cuhk_x_large,cuhk_x_large/reports/nonvisual_sensor_union_v1_candidate.json,1258,a92793af85703de82bc71e127b0924b703a15c593b8bedacdd9b4834bded397b,source-or-derived-text-candidate
cuhk_x_large,cuhk_x_large/reports/p1_decomposed_sensor_fresh48_independent_audit_v1.json,12106,9532b4dd72b0592b6840b7860f64c5c50879c75c931ed07dd0654065a54befce,source-or-derived-text-candidate
cuhk_x_large,cuhk_x_large/reports/p1_decomposed_sensor_fresh48_v1_protocol.json,10811,e547c24f90fa412b763fee8437975d58bd1c7cd68fe50a5368d14e60e0ee89c5,source-or-derived-text-candidate
cuhk_x_large,cuhk_x_large/reports/p1_decomposed_sensor_fresh48_v1_validation.json,10750,daec1dbe0730f38dc277c8c997e92cca794bf1d06f4d0ea41ffeee971d69b8f8,source-or-derived-text-candidate
cuhk_x_large,cuhk_x_large/reports/p1_independent_control_audit_v1.json,2960,9e566e23a86732e17c12f0f6b14adead006da910b27ffa31c87629568af5547f,source-or-derived-text-candidate
cuhk_x_large,cuhk_x_large/reports/p1_posthoc_control_plane_audit_exposure_reservation.json,7504,ee47efab997fa643ca9037f9dc27d31aaa62610826e2a60c8674da1b7c7058f0,source-or-derived-text-candidate
cuhk_x_large,cuhk_x_large/reports/p2_unexposed_video_preflight_and_proposal_v1.json,1728,66afa0b4ea857c9087feb534d3337b00add717cc24d8884367e62c9f3b4172ca,source-or-derived-text-candidate
cuhk_x_large,cuhk_x_large/reports/partial_hau_visual_extraction.json,1250,2981a38bf508c530df45619ce1c210d55301f4ecd05bb32ef729623cb2b7fb43,source-or-derived-text-candidate
cuhk_x_large,cuhk_x_large/reports/partial_test_visual_extraction.json,1173,4a0babbc0ebca679212a2becb93652f8ec8c5f2a1c15bd73351b375bffe174c9,source-or-derived-text-candidate
cuhk_x_large,cuhk_x_large/reports/partial_visual_extraction.json,1547,cdfee2ca4e1b056b4902ffdace08b239f6548ccee9131a3c7c36b075c7a5b6db,source-or-derived-text-candidate
cuhk_x_large,cuhk_x_large/reports/public_graph_oof_summary.json,3105,5ca1d4a820f44308970ac6e82efd31451d725fc61278dc1ce02f777ba57f60c5,source-or-derived-text-candidate
cuhk_x_large,cuhk_x_large/reports/qwen3_vl_4b_fresh20_v1_summary.json,4214,f709b47a0743582789d03f5e94599522bf96a94295ed6fd2e302402bdfa07703,source-or-derived-text-candidate
cuhk_x_large,cuhk_x_large/reports/qwen3_vl_4b_hau_combination_user8_v1_summary.json,1510,b75190a6b831afc181d756e792b985f6f8685b9d7355549074cef7a20d4e1483,source-or-derived-text-candidate
cuhk_x_large,cuhk_x_large/reports/qwen3_vl_4b_hau_emotion_user8_full22_v1_summary.json,1509,0df1817c1dae9208187c2ce45eecb190d0770550b876920621ed31cd1491b110,source-or-derived-text-candidate
cuhk_x_large,cuhk_x_large/reports/qwen3_vl_4b_hau_emotion_user8_probe8_v1_summary.json,1462,f3b38d288c651c9f7f9dc271b43b3998e44bdd60d7d25238c5102b15fbaae559,source-or-derived-text-candidate
cuhk_x_large,cuhk_x_large/reports/qwen3_vl_4b_hau_multi_user8_v1_summary.json,1501,e14454640ac485e1ea62cacfa0cbbd976ddb5c45a204fbec424606f6d237a153,source-or-derived-text-candidate
cuhk_x_large,cuhk_x_large/reports/qwen3_vl_4b_hau_single_user8_probe8_v1_summary.json,1460,7a2754a3bc999a967cef5fc3c5a05944bf76fb8923279faef55aded596b67c14,source-or-derived-text-candidate
cuhk_x_large,cuhk_x_large/reports/qwen3_vl_4b_mlx_model_manifest.json,2840,6f2156b299b448eb9e184f8b9775ef07d4c270de940a668b5d509da9248db5a4,source-or-derived-text-candidate
cuhk_x_large,cuhk_x_large/reports/qwen3_vl_4b_mosaic_balanced18_v1_summary.json,2513,112a66978fa859b500ab5248f39a00a2dba47a994b7386ba124090a2600f96a7,source-or-derived-text-candidate
cuhk_x_large,cuhk_x_large/reports/qwen3_vl_4b_mosaic_full112_v1_summary.json,4488,93bb590401b28f220566f691abbd9b129d95179bf08aaf6c019920076b58a956,source-or-derived-text-candidate
cuhk_x_large,cuhk_x_large/reports/qwen3_vl_4b_mosaic_smoke_training_3591_summary.json,2112,c9d47f70f46cc5351c4094947b0614976e0c1e2360b03ee5d46bb12a0c259184,source-or-derived-text-candidate
cuhk_x_large,cuhk_x_large/reports/qwen3_vl_4b_multiview_balanced18_v1_summary.json,2159,b89ddaf8ee80c9b89b169dbb0caecae7c61c0717b1cb65d92a717fd62ac4cf4f,source-or-derived-text-candidate
cuhk_x_large,cuhk_x_large/reports/qwen3_vl_4b_multiview_full112_v1_summary.json,4132,d857cfa97deb3fc13d4c10aa69332a32166737bfe753098152f93a9de4860fcd,source-or-derived-text-candidate
cuhk_x_large,cuhk_x_large/reports/qwen3_vl_4b_multiview_smoke_training_3591_summary.json,1774,8748572bcb6f137f264be03e39dfedbf3d7ad11f97a180f605062c7d95b8f217,source-or-derived-text-candidate
cuhk_x_large,cuhk_x_large/reports/qwen3_vl_4b_multiview_smoke_training_3591_v2_summary.json,1776,09a2290b094ed0145ede8899c06a27dac16dda43c8346f7c1e26303a535fb48a,source-or-derived-text-candidate
cuhk_x_large,cuhk_x_large/reports/qwen3_vl_4b_small20_frozen_v1_summary.json,2326,577008d80cf88e1acb525b9991c4e41c51c50c9f8a1cfec3602fdc84c8e9343a,source-or-derived-text-candidate
cuhk_x_large,cuhk_x_large/reports/qwen3_vl_4b_test_harn_object_v1_summary.json,1932,3a5dc3c57126f79650be0417b99941cfb46329c02596c20ec2cf601e762738b9,source-or-derived-text-candidate
cuhk_x_large,cuhk_x_large/reports/qwen3_vl_4b_test_harn_single_full_v1_summary.json,1581,ecf4496bca7add285f1024abd65ef6b51add292bc17855d8f916d2a203ad0ac2,source-or-derived-text-candidate
cuhk_x_large,cuhk_x_large/reports/qwen3_vl_4b_test_harn_single_mosaic_v1_summary.json,1901,202c92ec9deaf45a33a3a21beebac183fca94aeeb1f6a1bfa93e746cb4c0303f,source-or-derived-text-candidate
cuhk_x_large,cuhk_x_large/reports/qwen3_vl_4b_test_harn_single_multiview_v1_summary.json,1758,d45e674c002806bf531e00f790bfd791f891e3df37d6c7cf7365087a4b225673,source-or-derived-text-candidate
cuhk_x_large,cuhk_x_large/reports/qwen3_vl_4b_test_harn_single_v1_summary.json,2419,cb42fe1d33a987ac45be4cc66266ad0aca24738fb6c56ee31b9cdce0a02186ee,source-or-derived-text-candidate
cuhk_x_large,cuhk_x_large/reports/qwen3_vl_4b_zero_shot_balanced18_v1_summary.json,3866,b3c8a6f9c5d0e7a8393126981850e648d570b113d4380106bf4881beba3c079a,source-or-derived-text-candidate
cuhk_x_large,cuhk_x_large/reports/qwen3_vl_4b_zero_shot_full122_v1_summary.json,6331,991a5981456e4134ba89d3ff3aae9b02ebe14a35f841bb679e24684b4d10ba7e,source-or-derived-text-candidate
cuhk_x_large,cuhk_x_large/reports/qwen3_vl_4b_zero_shot_object66_v1_summary.json,4574,23e6149c4288304970f0ee36fdfeed08f7c80d4cfb625d03fa620af10e0775c4,source-or-derived-text-candidate
cuhk_x_large,cuhk_x_large/reports/qwen3_vl_4b_zero_shot_probe2_summary.json,1503,0ae900b72b30c5ccadd03128b59b321e629625b572b2f1c6610eb78a7c490987,source-or-derived-text-candidate
cuhk_x_large,cuhk_x_large/reports/qwen3_vl_8b_mlx_model_manifest.json,3026,92e4b276b3f04fcdca7b89e91d612b7b63da1ceb128dea58635c4b5c01fd0c44,source-or-derived-text-candidate
cuhk_x_large,cuhk_x_large/reports/qwen3_vl_8b_smoke_training_3591_summary.json,1468,ca163b67dd4bd2692e25a29f45eab17ab98331ce4ac884af27ad0c41036890b2,source-or-derived-text-candidate
cuhk_x_large,cuhk_x_large/reports/qwen3_vl_8b_zero_shot_balanced18_v1_summary.json,1491,886888764f21952e3f9058433e251ba690f073abeb95ebeb9a1cd7b8529811df,source-or-derived-text-candidate
cuhk_x_large,cuhk_x_large/reports/sensor_option_semantics_v1_preregistered_protocol.json,7793,1b7772d1893ec46e30c793a9d0f8396b21c8c23483ee1348739caada58ba8757,source-or-derived-text-candidate
cuhk_x_large,cuhk_x_large/reports/sensor_option_semantics_v1_replay_verification.json,1618,a5d756e4c00612441a14112454166958ebedacf41f0f9f7ba6eab1bfebdb7fa8,source-or-derived-text-candidate
cuhk_x_large,cuhk_x_large/reports/sensor_option_semantics_v1_validation.json,17481,d2f811f95f25996425d70c3329d75457a0717e6d217775fa53fc0f86643674bd,source-or-derived-text-candidate
cuhk_x_large,cuhk_x_large/reports/stage2_native_arbitrary_id_clip_smoke_v1.json,1908,8eba3e3876e412e19c7b6f3d401582b2c13b13016431926aaed1f2795e15f5c7,source-or-derived-text-candidate
cuhk_x_large,cuhk_x_large/reports/stage2_native_owned_raw_package_v1.json,4056,5675fce4e43317ea0c3061592f2ba15af7d345974f90a7c3793521b6fbedd358,source-or-derived-text-candidate
cuhk_x_large,cuhk_x_large/reports/stage2_native_owned_release_manifest_v1.json,58901,5b1096f3bf72e75c83d3cc62b5d9ee6845484f52854b2ded9bfe7ae1bd101cf9,source-or-derived-text-candidate
cuhk_x_large,cuhk_x_large/reports/stage2_native_qwen_missing_sensor_v1_protocol.json,6703,201f85ed09a8ac3d49d0361cb6cf98a0523b4fc76bc9b3615da0cbfb34b2ce23,source-or-derived-text-candidate
cuhk_x_large,cuhk_x_large/reports/stage2_native_qwen_missing_sensor_v1_validation.json,3078,4d093c43141963a4be9c19db35cdc11bef0251cacd0ed475f3b93435da0cae18,source-or-derived-text-candidate
cuhk_x_large,cuhk_x_large/reports/stage2_native_reproducibility_checklist_v1.md,7144,46e095bac2c10f78215e2964ec6b48d0971b81dc9b35fe92caa0cad7931c16bd,source-or-derived-text-candidate
cuhk_x_large,cuhk_x_large/reports/stage2_native_v1_network_free_replay_verification.json,2031,408ff871452204563d40d7facd8ef2dc6a01e04d9b8cb372f0adc5514d9bf340,source-or-derived-text-candidate
cuhk_x_large,cuhk_x_large/reports/stage2_native_v1_oof_validation.json,8096,2f3caffe9e4aec49cd38ee722b1e3c403e6e009527703fbc1358cfd919bf5288,source-or-derived-text-candidate
cuhk_x_large,cuhk_x_large/reports/stage2_native_v1_preregistered_protocol.json,5260,5c521089d3b327e6d6374f7baf552e2b5e22f733bff3f3bdeac493df60dc9b70,source-or-derived-text-candidate
cuhk_x_large,cuhk_x_large/reports/stage2_native_v1_run1.json,1787,4bcc1da87e32003111ac956c0ebde8c7ce9895c94328aee27fd788303cd9ec95,source-or-derived-text-candidate
cuhk_x_large,cuhk_x_large/reports/stage2_native_v1_run2.json,1787,82e6f3472e5ae85618f007a37803141eef0be4ef94ce442c7bb2232fc610a868,source-or-derived-text-candidate
cuhk_x_large,cuhk_x_large/reports/stage2_owned_package_control_audit_v1.json,2271,c8db2722423bb1cf204e1a177066763a2e937faf71f78b319b20544ce901afeb,source-or-derived-text-candidate
cuhk_x_large,cuhk_x_large/reports/temporal_vlm_preregistered50_protocol.json,11281,d4b82fe0a3bb6a32609667f3bc40b67b2f0e28358fd26d98d18260f7f6ce873f,source-or-derived-text-candidate
cuhk_x_large,cuhk_x_large/reports/test_visual_extraction.json,721,77f7c65a73def8911b72e75c2c3b23d8e5ea7806bb36d70e41a13fa0c87ee52b,source-or-derived-text-candidate
cuhk_x_large,cuhk_x_large/reports/visual_sensor_consensus_v1_candidate.json,2462,509ebbe646511e72dd5c830d43c1ef8892df7f3b84c28f412ffe22c16804b42d,source-or-derived-text-candidate
cuhk_x_large,cuhk_x_large/reports/visual_sensor_consensus_v2_candidate.json,2900,23b8ad1e739391a9370ff9b9355ac76d016d81130e628931db21d19e59a15818,source-or-derived-text-candidate
cuhk_x_large,cuhk_x_large/reports/visual_sensor_fusion_subset_summary.json,3774,8fbbb6770ada4e118b029761b8cbd244620b2ad174e4eab6cee6d315079b506e,source-or-derived-text-candidate
cuhk_x_large,cuhk_x_large/reports/visual_sensor_object_fusion_subset_summary.json,3639,f71bb8c048d09838b6a8de9abe710cb04c58e80caf02d7386f1baaeb1134b436,source-or-derived-text-candidate
cuhk_x_large,cuhk_x_large/reports/vlm_exposure_audit_v2_1_2026-09-11.json,6414,22b8dca1fb31f8de428ae45f780708af86b9e29718f627a10372ae91d96d150a,source-or-derived-text-candidate
cuhk_x_large,cuhk_x_large/reports/vlm_exposure_audit_v2_2026-09-11.json,6417,ee3da8b269b883730cdd23469134277c4946aa1bac58ea57d8cfc1b63fee680c,source-or-derived-text-candidate
cuhk_x_large,cuhk_x_large/reports/vlm_exposure_audit_v2_2_2026-09-11.json,6414,f857a0e867ac27a9d16f8c2d59e08492f78d2eb689f326847b30f1064ad1aab1,source-or-derived-text-candidate
cuhk_x_large,cuhk_x_large/reports/vlm_exposure_registry.jsonl,306094,8171c4e07b665834f3e1a87af813c8e278b7a3538c884f41e8801e907febed5d,source-or-derived-text-candidate
cuhk_x_large,cuhk_x_large/reports/vlm_exposure_registry_v2_audit_2026-09-11_p1.json,6413,a60f513fbb76d1250ca99b13efb5a5e02d96907e2cba97664fa6af40da719c57,source-or-derived-text-candidate
cuhk_x_large,cuhk_x_large/reports/vlm_fresh20_frozen_protocol.json,9326,ef71bd50cd29e31d1e89aee6af68bbe34b0c6ace5cfe86c9b04101ceb5a7c408,source-or-derived-text-candidate
cuhk_x_large,cuhk_x_large/reports/vlm_historical_replay_and_freeze_audit.json,12863,8ecc8ca036571f9c802905496029600daa708ccdd5942d27c2210987f1df7f91,source-or-derived-text-candidate
cuhk_x_large,cuhk_x_large/reports/vlm_small20_frozen_protocol.json,3360,cfcc3ac2ef8dde83ff30b60a5a1119806dab1ae1e68ef4d0349adb461f52229b,source-or-derived-text-candidate
cuhk_x_large,cuhk_x_large/scripts/analyze_visual_sensor_fusion.py,6154,d702ef5190b02efce641fd15f57321385737b98e1a3d4431f0a0ad991b96b997,source-or-derived-text-candidate
cuhk_x_large,cuhk_x_large/scripts/audit_linked_question_structure.py,5599,2afff3749d08e3c25ebb5b0203b370134ba5b410a5331200a8c8696f6303e8ec,source-or-derived-text-candidate
cuhk_x_large,cuhk_x_large/scripts/audit_p1_and_preflight_p2_v1.py,24769,b0e30f7954674ab42668da71a7f37f06ecd8f96d4d3dcac0ace4a726b47345ef,source-or-derived-text-candidate
cuhk_x_large,cuhk_x_large/scripts/audit_vlm_historical_replay.py,9090,65e68f270ec55fd17a25ce8bf10cc42bf2888ea192d6e2339503de02f5ebfa93,source-or-derived-text-candidate
cuhk_x_large,cuhk_x_large/scripts/build_emotion_consensus_candidate.py,4466,cb572b20d36f34cb324314e75b354f584157a0ec3d8c7dca40b043ddd56fdd4a,source-or-derived-text-candidate
cuhk_x_large,cuhk_x_large/scripts/build_emotion_extratrees_rf_union.py,12094,f0b4bbb600becf652fbc039fd3d80e8ed84077a2a4a2b7bbde629cf51ea1d2d9,source-or-derived-text-candidate
cuhk_x_large,cuhk_x_large/scripts/build_final_repro_manifest.py,29296,280c32bdf048cb07cc76228d30b032c1dcbbb8024d2f9e30f15db75e8f254a80,source-or-derived-text-candidate
cuhk_x_large,cuhk_x_large/scripts/build_harn_multimodal_consensus_candidate.py,12127,2e831bf63010daa323b507eaf2af7602170215ad52fe6f628d9ca47ae4838069,source-or-derived-text-candidate
cuhk_x_large,cuhk_x_large/scripts/build_hau_linked_single_consensus.py,18439,4c2aa998d38a0a7fef19f4d2f8dcdaab7b2d8fb6cbc2c964e2c5dfb081c16a56,source-or-derived-text-candidate
cuhk_x_large,cuhk_x_large/scripts/build_multi_pairwise_candidate.py,6103,aa212e0a64f28aad344bf2525867212d9a35ff79c07e7dc8ebf59413e863dfd1,source-or-derived-text-candidate
cuhk_x_large,cuhk_x_large/scripts/build_sensor_candidate.py,3595,3ab7a560384eea8c25f24755b9b371191ecd0b408360cf0491087949d27308c4,source-or-derived-text-candidate
cuhk_x_large,cuhk_x_large/scripts/build_sensor_error_report.py,7311,29dd5dc766c3b6b7745c58c12961cc1635a1b0d7dfbc39db2dbbce0c64722c31,source-or-derived-text-candidate
cuhk_x_large,cuhk_x_large/scripts/build_sensor_union_candidate.py,3311,a7c9d08e3033ed9174a7ae8c0c34565366342703c6411aeb0b7c33a5fed87a41,source-or-derived-text-candidate
cuhk_x_large,cuhk_x_large/scripts/build_stage2_native_candidate_v1.py,14900,32faef845ccbe700e64025386dc84d66ee623233fc0725ae76d9a5b91fd651bc,source-or-derived-text-candidate
cuhk_x_large,cuhk_x_large/scripts/build_visual_sensor_candidate.py,7149,85da047e4c70d4966e21bdb76037a22c18e20d10bd1308225f7910f3dd2ad681,source-or-derived-text-candidate
cuhk_x_large,cuhk_x_large/scripts/build_visual_sensor_candidate_v2.py,8269,948aab2b3f2a8898242675dee5a0bac4b44e33c53d43dc23913cb70c2e703a46,source-or-derived-text-candidate
cuhk_x_large,cuhk_x_large/scripts/download_open_vlm.py,2240,e9be5a3e050ec8cbf34107d0886946f458edf07d90d047c0c4129904e991f50d,source-or-derived-text-candidate
cuhk_x_large,cuhk_x_large/scripts/download_open_vlm_8b.py,2423,b8d104fd2edd572668c46c6be9124e9780e86fca38ba28c409e6ecab3da37996,source-or-derived-text-candidate
cuhk_x_large,cuhk_x_large/scripts/extract_harn_visuals.py,4941,7c109686f2b0918c446e5742a5b4205539a4cd3d180b38a4abb46e3153fa4bc7,source-or-derived-text-candidate
cuhk_x_large,cuhk_x_large/scripts/extract_nonvisual_features.py,14492,41c06e42271d8979bd4d76cc9834f7bc568132d4eb5d3743f056f883f17961cd,source-or-derived-text-candidate
cuhk_x_large,cuhk_x_large/scripts/extract_owned_raw_features_v1.py,16128,9eeff5cd71e67444e3aa751c82936a45ce0e9ca92849ffce90f2b3157b2982af,source-or-derived-text-candidate
cuhk_x_large,cuhk_x_large/scripts/extract_partial_hau_visuals.py,5651,1d5d8548db325cff5c8af76a038ef16b841311a1a1b43c62d19756bd4b6402cb,source-or-derived-text-candidate
cuhk_x_large,cuhk_x_large/scripts/extract_partial_test_visuals.py,8184,ba2e75f2b1e4d2602072e373269d5bef218833130a9cfe9f9d37f28dd0bc5875,source-or-derived-text-candidate
cuhk_x_large,cuhk_x_large/scripts/extract_partial_visual_zip.py,5843,00ceccb3694b423f5f42d1d27eaeb423e8eee04f51eba19f50684a048a489ca7,source-or-derived-text-candidate
cuhk_x_large,cuhk_x_large/scripts/extract_test_visuals.py,4643,adc8008bcaf6fbcc3b8cb8ad4ee304cfc0c817d841d3d904cd2ee89949000111,source-or-derived-text-candidate
cuhk_x_large,cuhk_x_large/scripts/freeze_harn_stage2_native48.py,7901,bc4affda779d7c9d057ff2aa4f35ed27e378a2c15b816980931a8e95fd46b5c2,source-or-derived-text-candidate
cuhk_x_large,cuhk_x_large/scripts/freeze_p1_decomposed_sensor_screen_v1.py,12733,0f3e04ae76076d1d8987533913da5fec1847e3f6f27d62e365b63c93764a44d4,source-or-derived-text-candidate
cuhk_x_large,cuhk_x_large/scripts/freeze_stage2_native_qwen_missing_v1.py,6958,1e4de158fcc6c22115f6dc34db88e77740c1dd3b2b72a912b621df3c965c0ad0,source-or-derived-text-candidate
cuhk_x_large,cuhk_x_large/scripts/freeze_temporal_vlm_preregistered50.py,13464,c5653773cf50331e560d3f860385eceaa3c570ed923ed8c9e86239658c96a0d2,source-or-derived-text-candidate
cuhk_x_large,cuhk_x_large/scripts/freeze_vlm_fresh20_validation.py,9209,7508cfc863d5e4cafd1206d3679f8d2721a8d6b0004ae8fb51b0bfceb46c41da,source-or-derived-text-candidate
cuhk_x_large,cuhk_x_large/scripts/freeze_vlm_small20_validation.py,7408,63689cd221299b3f70898945605b323fef849411be847b7ca25494849a12b022,source-or-derived-text-candidate
cuhk_x_large,cuhk_x_large/scripts/prepare_owned_raw_fixture_v1.py,4200,e4b96779cc491fe635efb231b6a0d89c4a1e29aea5a686cd43a0538aa102d893,source-or-derived-text-candidate
cuhk_x_large,cuhk_x_large/scripts/prepare_stage2_native_arbitrary_id_smoke.py,4573,f1700dbc496b1d325bb4fd578b650037f3dd4c8b932f3782d32c97b5215de2c1,source-or-derived-text-candidate
cuhk_x_large,cuhk_x_large/scripts/range_download.py,3973,3a0869d7dc61b2810f7103f20815ecb3d48e1d511754457de8927f9149f4d311,source-or-derived-text-candidate
cuhk_x_large,cuhk_x_large/scripts/reproduce_public_077777.py,5249,1c220871768465781a05a37394efdcf997498d00af5598853b49211d104755cd,source-or-derived-text-candidate
cuhk_x_large,cuhk_x_large/scripts/reserve_vlm_fresh_cohort.py,7988,0f4a54a23025dbef69e6ba76840476a4f31b3c39188870a1591453619209f6a6,source-or-derived-text-candidate
cuhk_x_large,cuhk_x_large/scripts/run_clip_joint_decoder_v1.py,29358,9db5ccb8d84ed75590c96a5e6d9aa515a7b2135dbf48220b968b632bfd6beabe,source-or-derived-text-candidate
cuhk_x_large,cuhk_x_large/scripts/run_emotion_ablation.py,5249,ea9a712a7cf0b3dd013f3d55ca9cc4f4812f026328102488bdbaf73bd63b7b4a,source-or-derived-text-candidate
cuhk_x_large,cuhk_x_large/scripts/run_emotion_pairwise_extratrees.py,17252,9774e19a2697b318f6d2a07b1afa653ad2438ce1356cf74b7df0f007f09777d9,source-or-derived-text-candidate
cuhk_x_large,cuhk_x_large/scripts/run_emotion_pairwise_xgb.py,9539,b30e682d8e45895067bf80cf02baf76d0922d9181126dcdfa854bbc93980acda,source-or-derived-text-candidate
cuhk_x_large,cuhk_x_large/scripts/run_harn_multimodal_extratrees.py,16999,8b271e3c6b65e0f65e1e194f911e3586b717a3e31332ed1f169023eb930b9f4a,source-or-derived-text-candidate
cuhk_x_large,cuhk_x_large/scripts/run_harn_stage2_native_v1.py,31827,cfc8e91f4b0a17e0adb133a8154c3c053f123453d17129bad3c089e56c1baf36,source-or-derived-text-candidate
cuhk_x_large,cuhk_x_large/scripts/run_multi_pairwise_xgb.py,11953,b2c31913983ef3b7d73c2c6bb80819977296477d68b291a3c09537d9ce4a87ac,source-or-derived-text-candidate
cuhk_x_large,cuhk_x_large/scripts/run_p1_decomposed_sensor_screen_v1.py,16401,761306ad4584d76dd9267a5cc57c915a0f7a7596aee9633dea2b25bbc45264d7,source-or-derived-text-candidate
cuhk_x_large,cuhk_x_large/scripts/run_public_graph_oof.py,5182,c637fb864e9737ffe0d8d12725c504e5cdb750a97799159b1d96a777bf3612ae,source-or-derived-text-candidate
cuhk_x_large,cuhk_x_large/scripts/run_sensor_oof.py,17271,06fd58e37f57f6a98734464224c7e858c868219d63486a3fc0252ce151808d88,source-or-derived-text-candidate
cuhk_x_large,cuhk_x_large/scripts/run_sensor_option_semantics_v1.py,23995,d2363bb5c50a634be96ea7929ebc3f574244a59e7dc46c32993142913e2b15d2,source-or-derived-text-candidate
cuhk_x_large,cuhk_x_large/scripts/run_stage2_native_oof_v1.py,22996,156072ebdfeec071863f726944f2afc1ded4fa0b375cea3af3fbac3a829de7f2,source-or-derived-text-candidate
cuhk_x_large,cuhk_x_large/scripts/run_stage2_native_qwen_missing_v1.py,12304,242b9ba0c99b3c2a01eb7cf763cac9eee73aae71c828c90c5d7f4ae0d7fcf5ad,source-or-derived-text-candidate
cuhk_x_large,cuhk_x_large/scripts/run_temporal_vlm_preregistered50.py,27215,12ad966374a2587ee87b7a6356eb2b5a83fcf59b9cf16fc9b65a15e17cbfc7b6,source-or-derived-text-candidate
cuhk_x_large,cuhk_x_large/scripts/run_test_vlm.py,9424,c87905e8355225807cc204f919139ccb296855ded1ab6f512e302badd2743bd3,source-or-derived-text-candidate
cuhk_x_large,cuhk_x_large/scripts/run_test_vlm_mosaic.py,13976,8d46917b2688ea0180daac01edb1174176ed9bc5cbaafb8c9d71653313c91c48,source-or-derived-text-candidate
cuhk_x_large,cuhk_x_large/scripts/run_test_vlm_multiview.py,13799,2f77ba12b4ba42cf6e3e257aeaa63b121c12b92c603ec3db3da2092f3f8d0d05,source-or-derived-text-candidate
cuhk_x_large,cuhk_x_large/scripts/run_vlm_fresh20_validation.py,14136,a54994ebdb67fd47227f7f04071f9416d8e4b01aa068366c37071ce79812dd5c,source-or-derived-text-candidate
cuhk_x_large,cuhk_x_large/scripts/run_vlm_small20_frozen_validation.py,12159,4c9d0ef8769d6d9c73838385c4d7891e4a0f99ce8a26a6253621c17aa661943c,source-or-derived-text-candidate
cuhk_x_large,cuhk_x_large/scripts/run_zero_shot_hau_vlm.py,10555,af3c8276ed0f558e7766c4e3246285a1682819929ddb33f6a2a279df79ff9457,source-or-derived-text-candidate
cuhk_x_large,cuhk_x_large/scripts/run_zero_shot_vlm.py,12469,7c64b62d71f17104696975652d2a15ec454a486c66796995c1b7eee3bcdcc50f,source-or-derived-text-candidate
cuhk_x_large,cuhk_x_large/scripts/run_zero_shot_vlm_8b.py,8382,7fc73b23583d4da475d08625cba36265e31565c84536429e3a4ca04c86a54a25,source-or-derived-text-candidate
cuhk_x_large,cuhk_x_large/scripts/run_zero_shot_vlm_mosaic.py,12460,7c2cae6b7fa094fe6844303ccf35d235915a26c6cb1654619252bf6fec49aea6,source-or-derived-text-candidate
cuhk_x_large,cuhk_x_large/scripts/run_zero_shot_vlm_multiview.py,9473,3bd3ec02110db95c7995b0d927026d7ed71a1663a80860bed2e83ba496324543,source-or-derived-text-candidate
cuhk_x_large,cuhk_x_large/scripts/sync_shared_vlm_exposure_registry.py,2576,40807c75602a15a8de86a5c8a6ac5006a7c9562bd2433bce61e77c4428af7f50,source-or-derived-text-candidate
cuhk_x_large,cuhk_x_large/scripts/update_vlm_exposure_registry.py,3403,ee4fa302d2fab07432d3bae243e900d684a258b815fc00ffd5c5b8c737872a9a,source-or-derived-text-candidate
cuhk_x_large,cuhk_x_large/scripts/validate_submission.py,2993,4491b5a07acf73b1d18ccdf16d8d210851b77b2f34addf66b4616533c79712f2,source-or-derived-text-candidate
cuhk_x_large,cuhk_x_large/scripts/verify_final_repro_manifest.py,9027,4bcbc7f22691e883ffc915071c77846b3a5e580ed14af43d691d00be51f05a02,source-or-derived-text-candidate
cuhk_x_large,cuhk_x_large/scripts/verify_stage2_native_arbitrary_id_smoke.py,3641,7d81e18b3edb087825af95d111c036e351136aff3a536855965ad8f561a7ceb6,source-or-derived-text-candidate
cuhk_x_large,cuhk_x_large/scripts/verify_stage2_owned_raw_package_v1.py,16131,9262b8b81076ace559bbd37494b79cf0d3efd1477e5da3c45d494fc693e3d876,source-or-derived-text-candidate
cuhk_x_large,cuhk_x_large/scripts/vlm_exposure_registry_v2.py,24169,fc00179521efae19cfdc82fd9138a05e3d11f05e30732358524d3de4301576a9,source-or-derived-text-candidate
cuhkx_small,cuhkx_small/config/hf_subjects_6_18_budget.json,2151,bdb0950e9f61349eede86399c39b23bfade142603384e94a81034330f7e51177,source-or-derived-text-candidate
cuhkx_small,cuhkx_small/config/top5_preregistered_ladder.json,7106,59b7c19040353527751fdd786b334c636635c7953213442d632dff13e65b82dd,source-or-derived-text-candidate
cuhkx_small,cuhkx_small/config/training_split_drive.json,3469,1c51e401ca3059eb46257fb76f5c8b70bf13fa9ec5fb5f8a238e47bee4624815,source-or-derived-text-candidate
cuhkx_small,cuhkx_small/config/training_split_huggingface.json,5508,a1a48b9fc7a75d91d009e81fded64dee14cc520af1ecfe8160291a9f022ec28d,source-or-derived-text-candidate
cuhkx_small,cuhkx_small/receipts/2026-09-09_baseline_and_ip_audit.md,6323,f5e56f9a49e34edfb0282bcb9a5ffa114deb8083b09cd1c86b1b438520328220,source-or-derived-text-candidate
cuhkx_small,cuhkx_small/receipts/2026-09-09_class_mapping_audit.md,2494,524b6ca4d9f10226709b396fe9448a42fc7ca6a6a7d3b8552e4f2be3d069c505,source-or-derived-text-candidate
cuhkx_small,cuhkx_small/receipts/2026-09-09_drive_transfer_manifest.md,2218,79d56b762718fd5607ff9115d2b6fc7b83839d358036233799ba30770fdbebda,source-or-derived-text-candidate
cuhkx_small,cuhkx_small/receipts/2026-09-09_official_status.md,7177,3556f71f805a2c4adf831ef98661a6f5750cbd832c819ed9b62b79088c64c471,source-or-derived-text-candidate
cuhkx_small,cuhkx_small/receipts/2026-09-09_test_archive_audit.md,3810,e6bacbfef5dc41a5394ff048bc20972561eb9ea337e1b448726a101f5cd4cc5d,source-or-derived-text-candidate
cuhkx_small,cuhkx_small/receipts/2026-09-09_training_central_directory_audit.md,4606,7b3f5207d71ec4693e21f8005952987b46903925027b8e088d6a8e2c88152d64,source-or-derived-text-candidate
cuhkx_small,cuhkx_small/receipts/2026-09-11_control_plane_binding.md,3920,0f9ff9af83438d0c20fa471db366998388bd5804ba502a004c58616365d14af9,source-or-derived-text-candidate
cuhkx_small,cuhkx_small/receipts/2026-09-11_huggingface_handoff_round5.md,6157,eefb9906f304e5d4659bcf4308ee9fa8e73a22a58e8abc030a421b15106c51bf,source-or-derived-text-candidate
cuhkx_small,cuhkx_small/receipts/2026-09-11_imagenet_mobilenet_v3_preregistration.md,8160,d6c8671523471be8c055f0ee6ea87d71141e68a2b2ebfc92293e2761dfc3d522,source-or-derived-text-candidate
cuhkx_small,cuhkx_small/receipts/2026-09-11_imu_length_smoke_preregistration.md,2165,e308f917c7c468dfb7679a8455b5b95242db5369ac2de9f722c9094bb256620f,source-or-derived-text-candidate
cuhkx_small,cuhkx_small/receipts/2026-09-11_imu_length_smoke_result.md,2523,a493f95154defc367102fd59ab5811c455861c78bc891e5b9a39038183f1ab9d,source-or-derived-text-candidate
cuhkx_small,cuhkx_small/receipts/2026-09-11_official_discussion_rule_clarification.md,9152,a73314027b7ba84a0217a947edc73d777d86e80a883baa15ec3d7c1a447c5cd6,source-or-derived-text-candidate
cuhkx_small,cuhkx_small/receipts/2026-09-11_official_team_registration.md,768,b302799667568ad8a7528d74259d516ce6eba7d321765577061d47b8c36c24a4,source-or-derived-text-candidate
cuhkx_small,cuhkx_small/receipts/2026-09-11_p2_thermal_harness_observability_resume.md,3442,39336dff071588dbcb1840d6d67e3c8f4384015e4daf312de4f25adf21e9f34f,source-or-derived-text-candidate
cuhkx_small,cuhkx_small/receipts/2026-09-11_p2_tsm_preregistration.md,3750,70d6e3fc28be25f3729e95099258a6fcc04d244f6d5c5f1142717ced50933c59,source-or-derived-text-candidate
cuhkx_small,cuhkx_small/receipts/2026-09-11_p2_tsm_scaffold.md,3455,41badede1a9f502ef75f1ac39916d3ce91571d1177eabb0a3fdb39d0a5a30d5d,source-or-derived-text-candidate
cuhkx_small,cuhkx_small/receipts/2026-09-11_public_baseline_gate_audit.md,5550,85f83b5abd00bf5a430ba6256910267e5ff50089216a71a0176c36b99c6ed6f3,source-or-derived-text-candidate
cuhkx_small,cuhkx_small/receipts/2026-09-11_research_and_split_sprint.md,6162,c162ba11aafb92cf7507a52a65c56e67bbda5581b14a3a1d8b5c506367e62952,source-or-derived-text-candidate
cuhkx_small,cuhkx_small/receipts/2026-09-11_s1_coalesced_extractor_implementation.md,2541,7a06cd66f3e59aabba5c8ed17df3a5497fba01912cd753761d4fd26f2a552bd0,source-or-derived-text-candidate
cuhkx_small,cuhkx_small/receipts/2026-09-11_s1_thermal_range_coalescing_plan.md,8972,fed9b5eea4adc692737cadbc5156964d61b508961256889ea35594ba8ce0de4c,source-or-derived-text-candidate
cuhkx_small,cuhkx_small/receipts/2026-09-11_selective_imu_extraction.md,5703,34ba0eefa281b5642b42f0db15701dd86a5748144b1ec19e2d32ab38f19fb4a1,source-or-derived-text-candidate
cuhkx_small,cuhkx_small/receipts/2026-09-11_small_execution_state.md,3357,08e37712e195dc311b9375f6688cba62a544b6259f5f6bca7de30154152ffe56,source-or-derived-text-candidate
cuhkx_small,cuhkx_small/receipts/2026-09-11_small_research_decision_map_round4.json,5462,7882e65d27b0e325b2dcdcba1d0f64c5bbc3bd7dad4a9e395d775b3a43023a76,source-or-derived-text-candidate
cuhkx_small,cuhkx_small/receipts/2026-09-11_small_research_decision_map_round4.md,9792,1031ecb0ed13336bf1d7b2cf28700b78e124ff0300a39d0d5aa30e454d9e60b6,source-or-derived-text-candidate
cuhkx_small,cuhkx_small/receipts/2026-09-11_top5_boundary_and_ladder_round4.md,9659,53e30883d802721a750c19144666fbc30b3ce09d64c2c7a3d1060da22892b9f3,source-or-derived-text-candidate
cuhkx_small,cuhkx_small/receipts/2026-09-11_topdown_strategy_review.md,8694,9d5eda9055154010d30784d5ad93e04bfe57c7063ab14c809eb2068d771e0085,source-or-derived-text-candidate
cuhkx_small,cuhkx_small/receipts/2026-09-11_transport_matrix_round3.md,8241,e70e145a0cc774e93c0a1e925758b8cb361630b1ba3a0cf28328575e3af86260,source-or-derived-text-candidate
cuhkx_small,cuhkx_small/receipts/2026-09-17_postcompetition_closeout.md,5758,d8c6df183a1bee69a3ac5b81e4d0a1c0b7c45ced85a8014d91a9b0ebbd95f5ed,source-or-derived-text-candidate
cuhkx_small,cuhkx_small/src/audit_imagenet_mobilenet_v3_compatibility.py,17667,bd656a8656a5ea1dcbcf845c8eac9212b2c6b145d07acbbf0c0570413bbf26ca,source-or-derived-text-candidate
cuhkx_small,cuhkx_small/src/audit_kaggle_thermal_dataset.py,6071,65cdcbd6a8d314e2f3b070060444519f12719469d5b518268c5747d30e29073b,source-or-derived-text-candidate
cuhkx_small,cuhkx_small/src/audit_subject_splits.py,6941,19df6dbb5ad4271b6cf3d69b1b3e55980fa5360ace0ee0b43a69456ac57fd0da,source-or-derived-text-candidate
cuhkx_small,cuhkx_small/src/http_range_fetch.py,4320,b543a8aff13b865a4ae47003889b2eed7545cb0b1ecb3a7fbf78ad96dff92755,source-or-derived-text-candidate
cuhkx_small,cuhkx_small/src/prepare_kaggle_thermal_midpoints.py,9484,c77b14be7c51bfe0b7c970058e94c13b68b989cdacb809fb6c83b647dc3467e5,source-or-derived-text-candidate
cuhkx_small,cuhkx_small/src/probe_google_training_parts.py,4006,3df54c74727c4f8ba1bd057573b73210831bc35f72a5e7a07a1094a06b087f40,source-or-derived-text-candidate
cuhkx_small,cuhkx_small/src/selective_split_zip.py,63167,5cb007eeb2c478a51914b3f5003b1b4694004c5dec9528a100832d8cc36c6483,source-or-derived-text-candidate
cuhkx_small,cuhkx_small/src/small_boundary_harness.py,17130,2bf91c6e6df8aef7e6dac57e4ce9ba30ac4814f86fa7f4d0d1bbe5171be828ca,source-or-derived-text-candidate
cuhkx_small,cuhkx_small/src/test_audit_imagenet_mobilenet_v3_compatibility.py,4618,7e45bb44f5f35eeb1cbfcbcb70d4e2426988738fb289b9abec6fdbde107ab356,source-or-derived-text-candidate
cuhkx_small,cuhkx_small/src/test_selective_split_zip.py,28163,e9ec66dc89870d64ab03ac9d706f4b4a504a750d07679ebcb2c033ee30bf2699,source-or-derived-text-candidate
cuhkx_small,cuhkx_small/src/test_small_boundary_harness.py,6909,9d82420067fdc0fe7f7b9da0ffaaa1dc41087f6b13be345b71d8337bc76c23ba,source-or-derived-text-candidate
cuhkx_small,cuhkx_small/src/test_train_p2_thermal_tsm.py,12863,39aa7ddb78680224d65f5f11df1ec95e258a9e7f0a6ad0de600366658e52e5fc,source-or-derived-text-candidate
cuhkx_small,cuhkx_small/src/train_imu_length_smoke.py,15094,86d33fb122b9ff0314dbfee06e9ee564fbce50522b0ebb2c0ec195ac5bf6da48,source-or-derived-text-candidate
cuhkx_small,cuhkx_small/src/train_p2_thermal_tsm.py,46193,dde5d472c42a1450b5d86f35c0e334a917dfc110b857e5de0896f92adf4a8dad,source-or-derived-text-candidate
hyperspectral_od_2026,hyperspectral_od_2026/kaggle_notebook/hsi_2026_yolo_baseline.py,13963,d74733266657f7e2933596d4e22978ca4ac1294dcd29d425a910b8ddff403649,source-or-derived-text-candidate
hyperspectral_od_2026,hyperspectral_od_2026/kaggle_notebook/kernel-metadata.json,555,7576784f9c85bf24fe54a47f2715dcde9b01c83ddc797e0ad2bb990c62866452,source-or-derived-text-candidate
hyperspectral_od_2026,hyperspectral_od_2026/kaggle_smoke/hsi_2026_data_mount_smoke.py,4434,a30da0f705ef290b6785538e70ad29e6744424873db6f45d3fd8b4743de1dc33,source-or-derived-text-candidate
hyperspectral_od_2026,hyperspectral_od_2026/kaggle_smoke/kernel-metadata.json,513,6043407e8e2ce7fc8e13234d8130e0a38be37311ab5eb9089443a2a768eee0cf,source-or-derived-text-candidate
hyperspectral_od_2026,hyperspectral_od_2026/kaggle_smoke_v3/hsi_2026_data_mount_smoke_v3.py,16356,a13d472e6a986844a1f9c020c566aaef053b92b7e48a62cd2a1cd75a1e66d7f7,source-or-derived-text-candidate
hyperspectral_od_2026,hyperspectral_od_2026/kaggle_smoke_v3/hsi_mount_smoke_v3_source_audit_receipt_v1.json,4615,0557902d85fa9507bf678af04bac03e9510c9dec8a4a6cc110c7dd9af4469790,source-or-derived-text-candidate
hyperspectral_od_2026,hyperspectral_od_2026/kaggle_smoke_v3/kernel-metadata.json,483,3aac808c2f82a5d00b7ff1af6da3e95a02400d69ee0c1a995685278b56acbb05,source-or-derived-text-candidate
hyperspectral_od_2026,hyperspectral_od_2026/kaggle_smoke_v3/test_hsi_2026_data_mount_smoke_v3.py,4163,e6ae6a64db6bf13533e56350d1a962cd99e7169b0a6add967cbb40661571615d,source-or-derived-text-candidate
hyperspectral_od_2026,hyperspectral_od_2026/scripts/sync_official_manifest.py,2408,2086b42f77b61879cd3a5ec5f8a5f08bdc670a927212b2e10185fad24cec93fa,source-or-derived-text-candidate
hyperspectral_od_2026,hyperspectral_od_2026/scripts/test_contracts.py,3215,5f74efbe60b65c1ed0e77ced0f550e04ae0fa519512b8510026790cea2379e21,source-or-derived-text-candidate
hyperspectral_od_2026,hyperspectral_od_2026/scripts/validate_submission.py,4127,60fb289a2f3b220c20ed4768178b4b8ed216ec169d509325011538b11a599055,source-or-derived-text-candidate
hyperspectral_od_2026,hyperspectral_od_2026/scripts/verify_core_files.py,2519,bd04932cde763a181483b56c1baa91e0c6982d52b442f4b3472040cf6fc9dafb,source-or-derived-text-candidate
kaggriculture,kaggriculture/agents/conservative_market_v5/main.py,47657,acf7c66442d304b6ca210949c970b44a798864fdedf99cf437b347119007639e,source-or-derived-text-candidate
kaggriculture,kaggriculture/agents/farming_score_v4/main.py,53313,1590394cf30c8989a3e1cfdb027d89b5ccd97c2fb4cdc14959a15555b2b2361a,source-or-derived-text-candidate
kaggriculture,kaggriculture/agents/hybrid_pizza_counter_v1/main.py,2565,0058f81dc5fafefc2102a48d63a90ee18070fcf328a56c6bc303fc3ebf2b982b,source-or-derived-text-candidate
kaggriculture,kaggriculture/agents/hybrid_pizza_counter_v1/observation.py,9155,516aee86ca84550839ecc5217cff3464c896a6a69d338f91f7ccfa16fee73fa9,source-or-derived-text-candidate
kaggriculture,kaggriculture/agents/hybrid_pizza_counter_v1/public_policy.py,65128,8241246765098c50223d897739cb32076b71a303284d2e5e1c5f0fb495bb5a97,source-or-derived-text-candidate
kaggriculture,kaggriculture/agents/hybrid_pizza_counter_v1/shop_policy.py,5935,66585d1a5dbfe11c946a3c400278592f860342bc4a8f5e5f87f2a9293348984b,source-or-derived-text-candidate
kaggriculture,kaggriculture/agents/hybrid_public_guard_v1/main.py,1555,4b08aed02d3487c6ab5502791c51e90fa12217e9b5d086df8b5e3cd6b30aadcb,source-or-derived-text-candidate
kaggriculture,kaggriculture/agents/hybrid_public_guard_v1/observation.py,9155,516aee86ca84550839ecc5217cff3464c896a6a69d338f91f7ccfa16fee73fa9,source-or-derived-text-candidate
kaggriculture,kaggriculture/agents/hybrid_public_guard_v1/public_policy.py,65128,8241246765098c50223d897739cb32076b71a303284d2e5e1c5f0fb495bb5a97,source-or-derived-text-candidate
kaggriculture,kaggriculture/agents/hybrid_public_guard_v1/shop_policy.py,5935,66585d1a5dbfe11c946a3c400278592f860342bc4a8f5e5f87f2a9293348984b,source-or-derived-text-candidate
kaggriculture,kaggriculture/agents/hybrid_public_guard_yp/main.py,1335,945d0306fbfb457769f65340bb15baf76dd2925fcc509a0a78836c7828f2ada4,source-or-derived-text-candidate
kaggriculture,kaggriculture/agents/hybrid_public_guard_yp/observation.py,9155,516aee86ca84550839ecc5217cff3464c896a6a69d338f91f7ccfa16fee73fa9,source-or-derived-text-candidate
kaggriculture,kaggriculture/agents/hybrid_public_guard_yp/public_policy.py,65128,8241246765098c50223d897739cb32076b71a303284d2e5e1c5f0fb495bb5a97,source-or-derived-text-candidate
kaggriculture,kaggriculture/agents/hybrid_public_guard_yp/shop_policy.py,5935,66585d1a5dbfe11c946a3c400278592f860342bc4a8f5e5f87f2a9293348984b,source-or-derived-text-candidate
kaggriculture,kaggriculture/agents/hybrid_public_guard_yps/main.py,1352,68c895eebadd86f45d3c7ad1558e36792073f1bba840c0cef1c39b5455be37bf,source-or-derived-text-candidate
kaggriculture,kaggriculture/agents/hybrid_public_guard_yps/observation.py,9155,516aee86ca84550839ecc5217cff3464c896a6a69d338f91f7ccfa16fee73fa9,source-or-derived-text-candidate
kaggriculture,kaggriculture/agents/hybrid_public_guard_yps/public_policy.py,65128,8241246765098c50223d897739cb32076b71a303284d2e5e1c5f0fb495bb5a97,source-or-derived-text-candidate
kaggriculture,kaggriculture/agents/hybrid_public_guard_yps/shop_policy.py,5935,66585d1a5dbfe11c946a3c400278592f860342bc4a8f5e5f87f2a9293348984b,source-or-derived-text-candidate
kaggriculture,kaggriculture/agents/hybrid_public_guard_ys/main.py,1338,80f6e31630a4a65cfbf5b2cc13f5e634d828e757dfc84b1d1f6b8061e9a8fc45,source-or-derived-text-candidate
kaggriculture,kaggriculture/agents/hybrid_public_guard_ys/observation.py,9155,516aee86ca84550839ecc5217cff3464c896a6a69d338f91f7ccfa16fee73fa9,source-or-derived-text-candidate
kaggriculture,kaggriculture/agents/hybrid_public_guard_ys/public_policy.py,65128,8241246765098c50223d897739cb32076b71a303284d2e5e1c5f0fb495bb5a97,source-or-derived-text-candidate
kaggriculture,kaggriculture/agents/hybrid_public_guard_ys/shop_policy.py,5935,66585d1a5dbfe11c946a3c400278592f860342bc4a8f5e5f87f2a9293348984b,source-or-derived-text-candidate
kaggriculture,kaggriculture/agents/hybrid_terminal_sweep_v1/main.py,3131,45c2935092ebc73281864d7eb19229a067ad590a6357a951d2bfe785b5fca7d3,source-or-derived-text-candidate
kaggriculture,kaggriculture/agents/hybrid_terminal_sweep_v1/observation.py,9155,516aee86ca84550839ecc5217cff3464c896a6a69d338f91f7ccfa16fee73fa9,source-or-derived-text-candidate
kaggriculture,kaggriculture/agents/hybrid_terminal_sweep_v1/public_policy.py,65128,8241246765098c50223d897739cb32076b71a303284d2e5e1c5f0fb495bb5a97,source-or-derived-text-candidate
kaggriculture,kaggriculture/agents/hybrid_terminal_sweep_v1/shop_policy.py,5935,66585d1a5dbfe11c946a3c400278592f860342bc4a8f5e5f87f2a9293348984b,source-or-derived-text-candidate
kaggriculture,kaggriculture/agents/hybrid_yarn2_route0_v1/main.py,1555,4b08aed02d3487c6ab5502791c51e90fa12217e9b5d086df8b5e3cd6b30aadcb,source-or-derived-text-candidate
kaggriculture,kaggriculture/agents/hybrid_yarn2_route0_v1/observation.py,9155,516aee86ca84550839ecc5217cff3464c896a6a69d338f91f7ccfa16fee73fa9,source-or-derived-text-candidate
kaggriculture,kaggriculture/agents/hybrid_yarn2_route0_v1/public_policy.py,65128,8241246765098c50223d897739cb32076b71a303284d2e5e1c5f0fb495bb5a97,source-or-derived-text-candidate
kaggriculture,kaggriculture/agents/hybrid_yarn2_route0_v1/shop_policy.py,5935,66585d1a5dbfe11c946a3c400278592f860342bc4a8f5e5f87f2a9293348984b,source-or-derived-text-candidate
kaggriculture,kaggriculture/agents/last_mile_harvest/LICENSE.txt,11358,cfc7749b96f63bd31c3c42b5c471bf756814053e847c10f3eb003417bc523d30,source-or-derived-text-candidate
kaggriculture,kaggriculture/agents/last_mile_harvest/NOTICE.txt,2514,6e17a3fca90e652dd86df1f4156cc0cd761adabf51f234e5f0bb9caf29e1be5b,source-or-derived-text-candidate
kaggriculture,kaggriculture/agents/last_mile_harvest/main.py,1083,495bfa4825c9e58638e804aeeb62a9537826f6d4d869222815e1bbeefd84d3dc,source-or-derived-text-candidate
kaggriculture,kaggriculture/agents/last_mile_harvest/policy.py,4909,e0b423f01f5ed8dbda27572251c1e0c57f5e12105e2e53ebeed8d7dd86c00ca6,source-or-derived-text-candidate
kaggriculture,kaggriculture/agents/last_mile_harvest/terminal_planner.py,22967,da2c3aced8fd580f3fbc4a9dad37ee945a522d07ea518d00634006f4f503b15e,source-or-derived-text-candidate
kaggriculture,kaggriculture/agents/last_mile_harvest/thomas_parent.py,5352,9f8b91f184fb0089dabd2894dd26f56b750f7757dc0ba40ae9d91f3d8c3b562b,source-or-derived-text-candidate
kaggriculture,kaggriculture/agents/last_mile_harvest/unit_model.py,12009,c03e8c5cd10466c229ee0a44dece9a3943c10bff135d96a7822ffe75d6922724,source-or-derived-text-candidate
kaggriculture,kaggriculture/agents/market_hysteresis/main.py,31292,c4a6964cec3c1c99207c32bb1fd91e53c3ec01e6890da5734331cbeab1cc1267,source-or-derived-text-candidate
kaggriculture,kaggriculture/agents/minimax_v58/main.py,315484,b041058ec187a8d0a01edc0eab8de068b53deca3e6c1973faf74ace6916ddcb9,source-or-derived-text-candidate
kaggriculture,kaggriculture/agents/nagatakengo_v57/main.py,40824,7b966382fa4ca66d988d36c4419b652e9c1019107e6a1cf001faa6c9e563fc0d,source-or-derived-text-candidate
kaggriculture,kaggriculture/agents/public_state_955/main.py,65128,8241246765098c50223d897739cb32076b71a303284d2e5e1c5f0fb495bb5a97,source-or-derived-text-candidate
kaggriculture,kaggriculture/agents/salem_2900/main.py,18498,3b1cb91feb451b44d075d853f9211be216aea7f85df09d91fa232e4e9dff8fe9,source-or-derived-text-candidate
kaggriculture,kaggriculture/agents/shape_shop_pasture/main.py,44665,2b97e2c653018ac4aeffb8463ec91c8f26b097b4cef81289acc25ccdbc68f916,source-or-derived-text-candidate
kaggriculture,kaggriculture/agents/shop_router_0908/main.py,5935,66585d1a5dbfe11c946a3c400278592f860342bc4a8f5e5f87f2a9293348984b,source-or-derived-text-candidate
kaggriculture,kaggriculture/agents/shop_router_0908/observation.py,9155,516aee86ca84550839ecc5217cff3464c896a6a69d338f91f7ccfa16fee73fa9,source-or-derived-text-candidate
kaggriculture,kaggriculture/agents/shop_router_early0/main.py,5935,66585d1a5dbfe11c946a3c400278592f860342bc4a8f5e5f87f2a9293348984b,source-or-derived-text-candidate
kaggriculture,kaggriculture/agents/shop_router_early0/observation.py,9155,516aee86ca84550839ecc5217cff3464c896a6a69d338f91f7ccfa16fee73fa9,source-or-derived-text-candidate
kaggriculture,kaggriculture/agents/shop_router_early1/main.py,5935,66585d1a5dbfe11c946a3c400278592f860342bc4a8f5e5f87f2a9293348984b,source-or-derived-text-candidate
kaggriculture,kaggriculture/agents/shop_router_early1/observation.py,9155,516aee86ca84550839ecc5217cff3464c896a6a69d338f91f7ccfa16fee73fa9,source-or-derived-text-candidate
kaggriculture,kaggriculture/agents/shop_router_force2/main.py,5935,66585d1a5dbfe11c946a3c400278592f860342bc4a8f5e5f87f2a9293348984b,source-or-derived-text-candidate
kaggriculture,kaggriculture/agents/shop_router_force2/observation.py,9155,516aee86ca84550839ecc5217cff3464c896a6a69d338f91f7ccfa16fee73fa9,source-or-derived-text-candidate
kaggriculture,kaggriculture/agents/shop_router_force3/main.py,5935,66585d1a5dbfe11c946a3c400278592f860342bc4a8f5e5f87f2a9293348984b,source-or-derived-text-candidate
kaggriculture,kaggriculture/agents/shop_router_force3/observation.py,9155,516aee86ca84550839ecc5217cff3464c896a6a69d338f91f7ccfa16fee73fa9,source-or-derived-text-candidate
kaggriculture,kaggriculture/arena/analyze_league.py,5711,8478037478d48633a430702ec062dce2b0d579ad8054b3461155d713fcfefede,source-or-derived-text-candidate
kaggriculture,kaggriculture/arena/analyze_owned_replay_stratum.py,8991,6180324ff37e3972f6cb97fca8b610a41d222f63c0b621d26726ed385e00a5cd,source-or-derived-text-candidate
kaggriculture,kaggriculture/arena/audit_policy_prefix.py,9826,d18ca667b6c88a0aa97785fb8b0d8fa544fbeb54c5c29a0d84177dabd87a2eaf,source-or-derived-text-candidate
kaggriculture,kaggriculture/arena/bootstrap_remote_maturity.py,10564,13c35b9f726dfe71b62929349bbcd37a299f79b655d056e6fb2a849067692488,source-or-derived-text-candidate
kaggriculture,kaggriculture/arena/compare_candidates.py,4633,34fc656e0e9b3d0cd1277a19af0c4dc50a582a9a6cc35fb1222d06ebfd0efb84,source-or-derived-text-candidate
kaggriculture,kaggriculture/arena/compare_league_candidates.py,18950,b7b644e2e41988008b721a3ed4c977ce41a846b124bdd2560c0c0a0b5549aeb0,source-or-derived-text-candidate
kaggriculture,kaggriculture/arena/run_league.py,14064,81be62b003dc625118ecb03d361a8ae9714a014fb962012a3e907e4fa3edc820,source-or-derived-text-candidate
kaggriculture,kaggriculture/arena/run_matrix.py,3060,ad2a7c46aca01dca91bd5dd104e2cbd9224b8de8e75970b768c2eaf53e41dcf6,source-or-derived-text-candidate
kaggriculture,kaggriculture/arena/summarize_remote_failure_modes.py,13765,20902e285e4992a2aa8a1289ab9be6e5ea0e7b9cd2f08ef3257764038cc95e41,source-or-derived-text-candidate
kaggriculture,kaggriculture/reference/conservative_market_v5/kernel-metadata.json,651,79cd84d39538b82989e0e3a20eb964995c8d89ce749384cccc5bfb0ec0228dff,source-or-derived-text-candidate
kaggriculture,kaggriculture/reference/farming_score_v4/kernel-metadata.json,618,5479b05a6f617b9ffc45b7024b9a7d19f64cc398f1edc95f8f28317eb1e31cfd,source-or-derived-text-candidate
kaggriculture,kaggriculture/reference/last_mile_harvest/kernel-metadata.json,648,56a0776bb6ecd6fac9307eb104b93f2ac5792ddd2d5d6df19b5810deacb92de0,source-or-derived-text-candidate
kaggriculture,kaggriculture/reference/market_hysteresis/kernel-metadata.json,625,19aedbf18a59327ddd9953c80b76cd1b8fe9d546056e58f974928b7526ee5d06,source-or-derived-text-candidate
kaggriculture,kaggriculture/reference/minimax_v58/kernel-metadata.json,697,86660a7e46693e8f3877cfd2db28cd5086ca534dafa340af39055edefebdf746,source-or-derived-text-candidate
kaggriculture,kaggriculture/reference/nagatakengo/kernel-metadata.json,693,2be9c736b20faba934ce2c94668f71cd2ae0a2cfaac032c4aef026c7bb9c7346,source-or-derived-text-candidate
kaggriculture,kaggriculture/reference/public_state_955/kernel-metadata.json,671,f8e0e1a1adfb4837e9f1215157aa5141fa4f1004a0a0bdcf9fd8b3995aa2fe58,source-or-derived-text-candidate
kaggriculture,kaggriculture/reference/salem_2900/kernel-metadata.json,583,9d08c180032c0c2de068d5a8817f19270b3506c812327bba7da67916e6d1f1fe,source-or-derived-text-candidate
kaggriculture,kaggriculture/reference/shape_shop_pasture/kernel-metadata.json,676,439258901135b9192141231fb34fe75677a2d6df977997856dd444494c96a6d3,source-or-derived-text-candidate
kaggriculture,kaggriculture/reference/shop_router_0908/kernel-metadata.json,571,0d6bb913a5daace449215af11581f881925e1f997041b607d478777c5e603cf8,source-or-derived-text-candidate
kaggriculture,kaggriculture/reference/structured_economic/kernel-metadata.json,645,f60822e4c067af39aa64165fdbe884e3ab66abfcb666892072f89de98734a446,source-or-derived-text-candidate
kaggriculture,kaggriculture/reference/xray_agent/kernel-metadata.json,592,db57368a58d3993c7888ffcdf19b29eda3a6faa458e1713b4644109029022a8e,source-or-derived-text-candidate
kaggriculture,kaggriculture/research/relaunch_2026-09-17/agents/market_smart_open69_mirror/main.py,329591,1a97f872f4af6658e3fe16f6bca401f9e66ce5a54a1527482d730b68d4011b0b,source-or-derived-text-candidate
kaggriculture,kaggriculture/research/relaunch_2026-09-17/agents/pipe7_mirror_open5/main.py,329590,322cdae2d95ad7b672e121d1245228a0bf4f1b6b110af59c54af5d36ed8727f7,source-or-derived-text-candidate
kaggriculture,kaggriculture/research/relaunch_2026-09-17/agents/pipe7_open5/main.py,329111,6150b7f9a953fc54d17a0f762a4c6ba5d2afe25a1851876eeb7681719d34a200,source-or-derived-text-candidate
kaggriculture,kaggriculture/research/relaunch_2026-09-17/agents/pipe7_open69/main.py,329112,53f0c5b4980c2c85b76544c6e1577de09a8ea9c011a85560225708bff3835c57,source-or-derived-text-candidate
kaggriculture,kaggriculture/research/relaunch_2026-09-17/agents/score2710/main.py,286438,cd869b7922298f2eb59cbe4d74a36b7561302ca9864963877b7573b685a24c24,source-or-derived-text-candidate
playground_s6e9,playground_s6e9/official/competition_receipt_2026-09-09.md,2095,8b816e882ab32aa55e1384d10c351db969eaa596a431157931c120ac46014585,source-or-derived-text-candidate
playground_s6e9,playground_s6e9/official/submission_receipt_56107927.md,1123,74213fac6b8bc2bf4c97fc2eb79cd564d6b9c513bdbd3337e4d05a895c9ad590,source-or-derived-text-candidate
playground_s6e9,playground_s6e9/reports/campaign_closeout_2026-09-17.md,3683,620f65d1e9b074c741c12f8ec0e2eac75c3ab3721a8fd5ed72a682de0101d1c3,source-or-derived-text-candidate
playground_s6e9,playground_s6e9/reports/data_audit.json,4879,e2e53a170cc077bc90c3ab30b03d4dbb47850db90f005d7a572d8123f12819d9,source-or-derived-text-candidate
playground_s6e9,playground_s6e9/reports/experiment_log.csv,3346,9d5ec9c3be348c6bf620417e69a59e2062fa58c67a5a827bdcfc91cae5237565,source-or-derived-text-candidate
playground_s6e9,playground_s6e9/reports/oof_error_analysis.json,7366,7f37ff185e08599d6f043d7c6c0c5b0a87844e109a38326b6fb5532f75b3d72e,source-or-derived-text-candidate
playground_s6e9,playground_s6e9/reports/oof_prediction_correlations.csv,563,5ecd7c188f3999bc17024734e1e399e0b2c468cc6bc2eb484fcea1cd2b27c50c,source-or-derived-text-candidate
playground_s6e9,playground_s6e9/reports/oof_slice_auc.csv,6296,99eedeedd6104957da0c65b658e9373c2b04fad6aee4de5a9fab758d0b06cdfd,source-or-derived-text-candidate
playground_s6e9,playground_s6e9/reports/public_lgbm_audit_2026-09-09.md,3394,f757beb15e6c851d509fb9ca7226b215cfe991d02adc49ab50d122377c93a03f,source-or-derived-text-candidate
playground_s6e9,playground_s6e9/reports/public_notebook_scout_2026-09-09.md,3634,940e1cbefcf62acc186e68f159ecc6108bc18728784a9b78317fa45f11044d50,source-or-derived-text-candidate
playground_s6e9,playground_s6e9/reports/validation_artifact_seed42.json,663,7ee03229b89b0f2de26212aec047f2c88e58d25c519f35400f1a9e171f39388a,source-or-derived-text-candidate
playground_s6e9,playground_s6e9/reports/validation_artifact_seedblend.json,664,6d02717c7950541cbf1a30372d1fe5d3f7b6817de6c3bf11b696c84245f5f912,source-or-derived-text-candidate
playground_s6e9,playground_s6e9/reports/validation_clean_noorig_xgboost_seed42.json,675,a1d5999deff679bcd5cc6450eabaa596c18c00576a9706ecfd450013278f3f18,source-or-derived-text-candidate
playground_s6e9,playground_s6e9/reports/validation_clean_seed42.json,659,559a30783a9e3638e3942adc86489c4ca6a5b2e0ccfe6d0541a03cdea5fa0f0c,source-or-derived-text-candidate
playground_s6e9,playground_s6e9/reports/validation_data_only_rank_blend.json,658,3c720e6016d3f729dd7c97d718cd18df7651724aac99adeea25181cad6b4b59a,source-or-derived-text-candidate
playground_s6e9,playground_s6e9/src/analyze_oof.py,5974,f1f74cbdd0ea1742328714c73433e184ae797a5ebebb15569c0c64d89905f4c4,source-or-derived-text-candidate
playground_s6e9,playground_s6e9/src/audit_data.py,5387,e7eda925ef11bcbf6c92c349f72ade5c679463ba3e99b3436666c66825c82de6,source-or-derived-text-candidate
playground_s6e9,playground_s6e9/src/ensemble_seed_runs.py,3847,c11e3407bf7e5bdbd2451dc437f853d9e3618b2e8c0f421efd035182f21f1519,source-or-derived-text-candidate
playground_s6e9,playground_s6e9/src/evaluate_minimal_gain.py,11488,289ba033f3e589f099cb1e2849fd6c4fd4bbcab578a20eddd5c86fed3b58c56e,source-or-derived-text-candidate
playground_s6e9,playground_s6e9/src/reproduce_public_lgbm.py,14382,1eae1b132554b0a93ba34dd06194c3ea738c6ffa156d172aa1d6a80d5b868150,source-or-derived-text-candidate
playground_s6e9,playground_s6e9/src/train_baseline.py,9784,87f00e0e497fa90f176507d453901764c3a4e4b9e159aa96a35e055974edee67,source-or-derived-text-candidate
playground_s6e9,playground_s6e9/src/validate_submission.py,2454,8c7add42d080c12dcc88c289e38b03b1ec6e469f7ec179988f728f1e9c66fb06,source-or-derived-text-candidate
poker,poker/reference/getting_started/kernel-metadata.json,703,3f61e62475ee9b5e85387739172b174d7b10bcaca4a4b5b7d0634a4610df3d8d,source-or-derived-text-candidate
poker,poker/reference/official_metric/kernel-metadata.json,649,ec1eb846d92b9bea72aa0da847ead0ac227c1aeca5203f31f07d6721698bcde7,source-or-derived-text-candidate
poker,poker/reference/public_pu_ranker/kernel-metadata.json,677,0c4161c7daa4d89d36b1a618912291a4bde3d056d5e6ba72b051e1a49c50a2e1,source-or-derived-text-candidate
poker,poker/src/poker_attack/__init__.py,118,5c7c823bda035cc92a07171751bcbc48e1ba2b78d1918ec979d7a944f8eb9377,source-or-derived-text-candidate
poker,poker/src/poker_attack/audit.py,6001,45a877210d0a39c7a20cb200facb6b723aa2e30793380f7a56007f497b36e551,source-or-derived-text-candidate
poker,poker/src/poker_attack/behavior_audit.py,21968,4cae28dba762ba301bb58d0c75fa5533bd8d5e979a52764732b506e831a87b49,source-or-derived-text-candidate
poker,poker/src/poker_attack/elkan_noto.py,13305,dd00d310ca6aef48682f3b0ac975a43cbec0b00e20c728755e9369befc69a412,source-or-derived-text-candidate
poker,poker/src/poker_attack/evidence_feasibility.py,28881,7518ed8731fa128cf66abee99dc95dc639673dfd0c025735ad4bdb028e09a49d,source-or-derived-text-candidate
poker,poker/src/poker_attack/evidence_model.py,11072,d5fc22acc542bdd73fef8af5db17b6602ceeb59ac0b96acce23b471898330819,source-or-derived-text-candidate
poker,poker/src/poker_attack/evidence_prereg.py,51665,5a0f5aec85d2bad1ea852c4782200316a57704aa28edc8a99e7fb27b2c7a5fad,source-or-derived-text-candidate
poker,poker/src/poker_attack/evidence_prereg_core.py,40078,5871093ce9df04c7370db9c462fc85f77d15b8ebfb0e0dc65e65d7808c54005e,source-or-derived-text-candidate
poker,poker/src/poker_attack/evidence_prereg_v4.py,67907,4737f3c4983b37042d30d801dc0407625d7dc95a155a97bcb9f92417cfd59098,source-or-derived-text-candidate
poker,poker/src/poker_attack/evidence_prereg_v4_1.py,89294,8deb18fe3f688d2bc4c02f7e7a25ae97acfc9558ba4f3001853b7f0af4ab9175,source-or-derived-text-candidate
poker,poker/src/poker_attack/evidence_prereg_v4_1_core.py,48549,d20d2b3c5fd537cd827e2817c911860d605687bc84eb33bfcce2c9340534b67c,source-or-derived-text-candidate
poker,poker/src/poker_attack/evidence_prereg_v4_2.py,96196,665fae054bc5c6892332d5e5382dc977cd565405530afc708772a1e5379a6656,source-or-derived-text-candidate
poker,poker/src/poker_attack/evidence_prereg_v4_2_core.py,48755,125cdc98bd63ebedda628d4c772c4e0d43eb41d694c186772cee727a2f8958c3,source-or-derived-text-candidate
poker,poker/src/poker_attack/evidence_prereg_v4_core.py,46390,1d02aa88b4a690aa088ea1dcdfda32ead25acb2e9236ccb7457c17e0a484a62d,source-or-derived-text-candidate
poker,poker/src/poker_attack/exposure.py,10901,205cf04efbad67813fefdff6d095b41e19984be4b1e8b46b1f98c93a0b23b5ce,source-or-derived-text-candidate
poker,poker/src/poker_attack/failure_audit.py,9594,0ce413765532e031345d7b3b2f6b46922b746efe0e4c0be23c58de738c4cfe68,source-or-derived-text-candidate
poker,poker/src/poker_attack/features.py,16423,75e216eb0cc8aa097d4edd9b2b0acecf4d6aa9cc4f8cfb9f9075218ac81cf1fa,source-or-derived-text-candidate
poker,poker/src/poker_attack/hard_negative.py,15174,a54a71a85d7ef12003d46f0dfa01873443945ad1d4b25305c64977a58362d9c4,source-or-derived-text-candidate
poker,poker/src/poker_attack/influence.py,27860,e32abbb6d5db1a6482f74d7c544d2f4812b6f60214be1c556f58ac0e3aa70ee6,source-or-derived-text-candidate
poker,poker/src/poker_attack/interaction.py,15061,c8612d9d87324c7f7f1abbde6bc0982bd03ef6547e0eaa7a9989cc19db303aee,source-or-derived-text-candidate
poker,poker/src/poker_attack/marginal_impact.py,23178,77bc6178079e420ff3b007c0e853018983abe26129eb64e3bbfcc024e8369b0b,source-or-derived-text-candidate
poker,poker/src/poker_attack/metric.py,3203,e8d1bdaada6bd9da98f919af914109d5b309c149d2a1a3dcf77d3d949a5f2693,source-or-derived-text-candidate
poker,poker/src/poker_attack/model.py,5464,ec2d78d4e6c53e940df0cbededc580e6976e65760fb6d9f599506adff0bcca69,source-or-derived-text-candidate
poker,poker/src/poker_attack/pairwise.py,17016,0df77a20b7f0c9f057c1bc0d4279640e018d1e0e3350977d9b141d440e9c495d,source-or-derived-text-candidate
poker,poker/src/poker_attack/pipeline.py,6096,11ff4581d333780c59949c61d95e5882adf85148f863014a46f09ea0a6e9ebdb,source-or-derived-text-candidate
poker,poker/src/poker_attack/pool_rank.py,9518,30a59faea3f606437c6afce70d933fc0dc9d9c7784145d80031dc3dfce519ec8,source-or-derived-text-candidate
poker,poker/src/poker_attack/pu.py,17883,9d7019a5647871ebcbd619a64fa84d4e0c960838e771d95c607557d75c142af8,source-or-derived-text-candidate
poker,poker/src/poker_attack/schema.py,2439,dee6eeac75fa1cd202b1656d22c394049c9913993d6efba4c493c651a3fc3ee4,source-or-derived-text-candidate
poker,poker/src/poker_attack/shift.py,5482,320fa5a5c348b66616889be6b83d373d27f5dfd74af7ad52c3730db3bfaa2699,source-or-derived-text-candidate
poker,poker/src/poker_attack/time_stability.py,10155,b4c3af320c69fff853da44fedad67a946a661bd32bf5a4e07cf3d380f5e94d47,source-or-derived-text-candidate
poker,poker/tests/static_audit_evidence_prereg.py,8973,ddff4d75b3954e10d954abf3fa272e9d2b07e31bd9bf58b8d2d73ece061fefe1,source-or-derived-text-candidate
poker,poker/tests/static_audit_evidence_prereg_v4.py,11370,3c6b77d9bc15a92ea8a3874d4af99770f1cab31696564a7bedbd02f008703711,source-or-derived-text-candidate
poker,poker/tests/static_audit_evidence_prereg_v4_1.py,8839,2148b28d4837b06bfeb1d9ea0fa4f11abb9fae2ced41289af5619ffd275dabef,source-or-derived-text-candidate
poker,poker/tests/static_audit_evidence_prereg_v4_2.py,10601,04882c5465c756ecfba69fb953fbccb603447bb785fce1e34e3dabadf8aaeb80,source-or-derived-text-candidate
poker,poker/tests/test_evidence_prereg_core.py,11014,6817117188a1277e2487f979f3077e0177f1100c227d98286a80f43a280fac57,source-or-derived-text-candidate
poker,poker/tests/test_evidence_prereg_runner.py,12170,b907b921bbf01c96fd73838ef945f1acc94d4a0fe9e6761baceafb8a69428d9a,source-or-derived-text-candidate
poker,poker/tests/test_evidence_prereg_v4_1_core.py,13455,96ff3061d3668cd7d9b6c5b17ce5a419d2fe459f6e83ab7dd1df04b7b6df33c7,source-or-derived-text-candidate
poker,poker/tests/test_evidence_prereg_v4_1_runner.py,20364,1b8252f486cdfa839b9a79399200f5a07f81de562d0ea282fd9077ffa1386905,source-or-derived-text-candidate
poker,poker/tests/test_evidence_prereg_v4_2_core.py,2040,bc56cf50ee636cc37b0f06e5458c67cc061ebe8d658ad7d20a25c3c6da73ab75,source-or-derived-text-candidate
poker,poker/tests/test_evidence_prereg_v4_2_runner.py,11363,83b2288d89a0d1994a873f7e434171f7f33adafc3e91a2addfedfbb47f2be70d,source-or-derived-text-candidate
poker,poker/tests/test_evidence_prereg_v4_core.py,13453,fa1df57317f09dd2a6de09bfcc9b1d2fc09a1ed7d53351e8fdc0cfdab29d5304,source-or-derived-text-candidate
poker,poker/tests/test_evidence_prereg_v4_runner.py,15506,bbb3a6ca2c8dc73010aaa68e994dce3f9292569e02c3ea6bbf24e3a068c42224,source-or-derived-text-candidate
poker,poker/tests/test_features.py,4646,3c428b306a0a92140cd909f5004f7015a18464b03fc5f3f7d31718004f75ebca,source-or-derived-text-candidate
poker,poker/tests/test_metric.py,2117,ebbe0d1a94d132f9495e72477ac77090b9d0f94ec17e9e6ab02418302eafb5dd,source-or-derived-text-candidate
poker,poker/tests/test_pipeline.py,7351,c8701a124ec97641eee26cc75f5d6aa99392ee965167bda1789cb7582c3ee457,source-or-derived-text-candidate
tartan_imu,tartan_imu/release/MODEL_CARD.md,3842,c8d9a611f026344ae2a61878937706c6dfa079b701ec898a209c60252af2db58,source-or-derived-text-candidate
tartan_imu,tartan_imu/release/README.md,2985,700d3755ac5d030376bb048d2668a1f736bd8b241cb16010be396eeb766e5732,source-or-derived-text-candidate
tartan_imu,tartan_imu/release/REPRODUCE.md,1839,605e8b7c38dca3baca9fbfc9109f6e8f5c8a65f574985fe64c99e9bffc07ce07,source-or-derived-text-candidate
tartan_imu,tartan_imu/release/REPRODUCTION_RECEIPT.json,1019,683f390ea7afe6c31c506b572d86fc56da6066aa8b0a8823d46df81d9eeb9bba,source-or-derived-text-candidate
tartan_imu,tartan_imu/release/config/resnet_lstm_multihead.yaml,430,fedc3f9911218ca2e7f783c509ae2a0a2638d9b6d7369983148d5434ae095ef4,source-or-derived-text-candidate
tartan_imu,tartan_imu/release/config/unified.yaml,1625,ce45e5a1078f3d294fa729e8de2ad2e425bcab95cedf085f5665036734f68799,source-or-derived-text-candidate
tartan_imu,tartan_imu/release/predictions/E003_stacked_1000.csv,1252494,4644bb8e11df4a02417902c83b65bff5777a0e98db5bb67923f62c73bcec267a,source-or-derived-text-candidate
tartan_imu,tartan_imu/release/predictions/E003_stacked_1000.receipt.json,593,c90b1c2b7fc18d19dca78da24ce7399c02b6ef9c8ab6de94b6d6f6e9be6faa1f,source-or-derived-text-candidate
tartan_imu,tartan_imu/release/requirements.txt,93,8a8d6fd90fb4c2ab8e287c597c2fca2dc0747eb104ef72b399dd8468cd9eda5b,source-or-derived-text-candidate
tartan_imu,tartan_imu/release/src/cache_official_embeddings.py,6843,d3bec7e6ab60f050cf7a288736b910b63cbf77019b35942fd2cf823b8347d1fa,source-or-derived-text-candidate
tartan_imu,tartan_imu/release/src/features.py,8501,4b8b348ce936ed457d170bd758a2c8dd89298f02f418fde6fef1a6c13f1320d4,source-or-derived-text-candidate
tartan_imu,tartan_imu/release/src/predict_frozen.py,5727,d7924230cf31b8f28a7253b963a8e34b5c5aa846701595f501b3929bdc0aee61,source-or-derived-text-candidate
tartan_imu,tartan_imu/release/src/validate_submission.py,2288,af0e55c99acb5b72fb423fd7ba64dbfe899c4bfa789398ad2304979ad2f90928,source-or-derived-text-candidate
tartan_imu,tartan_imu/release/vendor/tartan_imu/__init__.py,352,25c7873f65c32f0ce2ce83c0c6cbfe8b54bf118ecdb65f8e0ac02bf6c9b4d437,source-or-derived-text-candidate
tartan_imu,tartan_imu/release/vendor/tartan_imu/config/__init__.py,229,743d2d1866954b3183f2d65b1af26baea049ddf0a7cede5f56b902ac1165764a,source-or-derived-text-candidate
tartan_imu,tartan_imu/release/vendor/tartan_imu/config/configer.py,14759,37d418dcddd386f67f7a978782329bec0f2583e7d23b41de05638cf8f74b0c3d,source-or-derived-text-candidate
tartan_imu,tartan_imu/release/vendor/tartan_imu/config/resume.py,1350,31afbbf8b3d43c39de77b4406a525d81a5248c73b2eb112114f19a26433b3aa6,source-or-derived-text-candidate
tartan_imu,tartan_imu/release/vendor/tartan_imu/dataloader/__init__.py,231,126caffc15cb2a0c88eb85aa83793110b4fb0a1ac77d97276150ceceb4f66b5b,source-or-derived-text-candidate
tartan_imu,tartan_imu/release/vendor/tartan_imu/dataloader/_common.py,3779,235d0e276e8cad9d9bc9d8ff295ce2792d2db1ef1911e8483d8f73b72d2e7e67,source-or-derived-text-candidate
tartan_imu,tartan_imu/release/vendor/tartan_imu/dataloader/dataset_AirLab.py,24192,adcac4491d97d69145b15c321375e6b1144120b57c05d48d08f04e2829e950c5,source-or-derived-text-candidate
tartan_imu,tartan_imu/release/vendor/tartan_imu/dataloader/dataset_Humanoid.py,27284,19b4e3e10de2e562a4e440a8d8bc3904d2bf1d271723b5b390c552ef92ecd18b,source-or-derived-text-candidate
tartan_imu,tartan_imu/release/vendor/tartan_imu/dataloader/dataset_HumanoidPostProcessed.py,21615,4b20ef9a0dc2500845c6f41af9aa728b290a00646be3640b583405f775cfb3a8,source-or-derived-text-candidate
tartan_imu,tartan_imu/release/vendor/tartan_imu/dataloader/dataset_HumanoidPostProcessedCached.py,14413,9ea9911d9a8bb32676066df199e1656522046003f050226a081cdf22eccafc1b,source-or-derived-text-candidate
tartan_imu,tartan_imu/release/vendor/tartan_imu/dataloader/paths.py,7737,caa889a1724a74daca1e9964706bec45bb1a8b63ac211ca080192c3d9cbd542d,source-or-derived-text-candidate
tartan_imu,tartan_imu/release/vendor/tartan_imu/evaluation/__init__.py,1124,c24d8226ae2c822c0a0bccde1659f3ed8622487cc57be010a72a7b914deb0f5e,source-or-derived-text-candidate
tartan_imu,tartan_imu/release/vendor/tartan_imu/evaluation/evaluators.py,23702,4c5c03766f1a358bdfca3d311394a89b1e370eb2bce847a6fe3677d25d50c5fd,source-or-derived-text-candidate
tartan_imu,tartan_imu/release/vendor/tartan_imu/evaluation/io.py,17431,74266431eabc408517da8ba19de6bf71af8c5770dcbcf1ab27ca9ccd4eaaf7fa,source-or-derived-text-candidate
tartan_imu,tartan_imu/release/vendor/tartan_imu/evaluation/metrics.py,30509,958bfb3d46fd75c06f79a250ab5d7991e22459a17c3d49e29df2e0af4a4e1b03,source-or-derived-text-candidate
tartan_imu,tartan_imu/release/vendor/tartan_imu/evaluation/plots.py,39421,fe7cee910268b4e536cb9f91fbcd84d9ddca2afbade9ba8ef9a4910416b4112b,source-or-derived-text-candidate
tartan_imu,tartan_imu/release/vendor/tartan_imu/evaluation/postprocess.py,46160,5eb399923c8b1ad296a85b7641c8e20f3c1beffcf0fab8fd68258e448b29531d,source-or-derived-text-candidate
tartan_imu,tartan_imu/release/vendor/tartan_imu/evaluation/segments.py,9525,af215ace1261b4c017c050ec6b6e705e6d6afa1dcbe95417e1e2acbbea5b205d,source-or-derived-text-candidate
tartan_imu,tartan_imu/release/vendor/tartan_imu/evaluation/traj_metrics.py,4566,c550a95ff3242ca89feba8b8af3754bb928d9d40b0a193cbb281b6d109b5b98c,source-or-derived-text-candidate
tartan_imu,tartan_imu/release/vendor/tartan_imu/evaluation/visualize_state.py,4055,594e2e0a56ddc2ff682bda0282d03d164c928d84a66955205412ce7c86915cde,source-or-derived-text-candidate
tartan_imu,tartan_imu/release/vendor/tartan_imu/model/__init__.py,144,e38363fbd8ff0706f6747a8023d2e622e24b3f98ef8143c79e6e59d428c76cdb,source-or-derived-text-candidate
tartan_imu,tartan_imu/release/vendor/tartan_imu/model/backbones/__init__.py,144,e38363fbd8ff0706f6747a8023d2e622e24b3f98ef8143c79e6e59d428c76cdb,source-or-derived-text-candidate
tartan_imu,tartan_imu/release/vendor/tartan_imu/model/backbones/lstm.py,1080,00d65b5d25de3249f0d525c9cf41e7824713e0a4bd85eeb25add0cf8361d69db,source-or-derived-text-candidate
tartan_imu,tartan_imu/release/vendor/tartan_imu/model/backbones/transformer.py,2693,5023ef76639991f9606253e5bd6f51699c56f97cd1e7186ea81df9d84cc5316a,source-or-derived-text-candidate
tartan_imu,tartan_imu/release/vendor/tartan_imu/model/common/__init__.py,144,e38363fbd8ff0706f6747a8023d2e622e24b3f98ef8143c79e6e59d428c76cdb,source-or-derived-text-candidate
tartan_imu,tartan_imu/release/vendor/tartan_imu/model/common/blocks.py,4892,2fc540392252c25f629901d21271b8573792a6c659174b3c44df7b01f3392975,source-or-derived-text-candidate
tartan_imu,tartan_imu/release/vendor/tartan_imu/model/common/function.py,10906,daedc60935ea4f0b8de83425f1996fe7caa6a3fcbb77d752d33ad61055a0d7d4,source-or-derived-text-candidate
tartan_imu,tartan_imu/release/vendor/tartan_imu/model/common/losses.py,11381,2adc6ad331f1a40607ef605f123555e1616066ee93f0960779c8180e81f2ebbd,source-or-derived-text-candidate
tartan_imu,tartan_imu/release/vendor/tartan_imu/model/lstm/__init__.py,144,e38363fbd8ff0706f6747a8023d2e622e24b3f98ef8143c79e6e59d428c76cdb,source-or-derived-text-candidate
tartan_imu,tartan_imu/release/vendor/tartan_imu/model/lstm/heads.py,8939,f0bede2487e4d2345cc31f54a67d1bdc4b648c65afb9ac3765ec0e888909ff31,source-or-derived-text-candidate
tartan_imu,tartan_imu/release/vendor/tartan_imu/model/lstm/model_lstm.py,1347,146c477754ad26d3643e98e4778098ee8d7c387a1e3a5decdc26c2c02e765b69,source-or-derived-text-candidate
tartan_imu,tartan_imu/release/vendor/tartan_imu/model/lstm/trunks.py,33425,8c4c2bbb8cdb1b9e5afaf8cc70cdf5f21825cf581ebeaca9ecf52f8e7a883647,source-or-derived-text-candidate
tartan_imu,tartan_imu/release/vendor/tartan_imu/model/model_factory.py,10954,2f21755c088acd2f3ecb35922dfaa5c3c6bcadb3da00888ffe0f8693643e878d,source-or-derived-text-candidate
tartan_imu,tartan_imu/release/vendor/tartan_imu/model/registry.py,2025,ebc0231c9e275bac904832f713c4d705e46538b3b7e4bd65f988f7e0fa3ee1f8,source-or-derived-text-candidate
tartan_imu,tartan_imu/release/vendor/tartan_imu/training/__init__.py,303,d1cb21f5c0c4183eedfade0b5c1cdeb0d6d24f7a16a3ae2c7a0c06c163cda677,source-or-derived-text-candidate
tartan_imu,tartan_imu/release/vendor/tartan_imu/training/checkpoint.py,8298,e334a22a7d5db19c878c22b5e8e94cc6b25375f81f311c3263ac93dea41d9780,source-or-derived-text-candidate
tartan_imu,tartan_imu/release/vendor/tartan_imu/training/plots.py,20320,6ad1d1abc8c03349d25b8204da4cb5c1019531d0b72bda1e527e3b43ae50ee67,source-or-derived-text-candidate
tartan_imu,tartan_imu/release/vendor/tartan_imu/utils/__init__.py,243,65e4ecf8f65b54894ef1dc5823670387f84d9a35498d04b765896d2d01a6dacc,source-or-derived-text-candidate
tartan_imu,tartan_imu/release/vendor/tartan_imu/utils/config_validator.py,4260,0d22872bd34e09b532a35c5a5ff1e9b1c0c5271c66701e6e0177c8d4c4a3d8bf,source-or-derived-text-candidate
tartan_imu,tartan_imu/release/vendor/tartan_imu/utils/constants.py,6306,e350c28847f77953d6a98ec71a1e71e6d02bb5731fe18938af89231bdc64eda1,source-or-derived-text-candidate
tartan_imu,tartan_imu/release/vendor/tartan_imu/utils/device.py,1478,8ecbde1663c489a9338f56a2b1f03d5cf61f614825ab03978320b683acf15b3a,source-or-derived-text-candidate
tartan_imu,tartan_imu/release/vendor/tartan_imu/utils/error_handling.py,10793,fd173fa7d97940cbb60f0aa2067d16b0b963666ef55efe2e7c44615e804b0bec,source-or-derived-text-candidate
tartan_imu,tartan_imu/release/vendor/tartan_imu/utils/imu_noise.py,1655,d77aed483be78386bc999835ff863ba778bc71d23870d9498012c76ac7087424,source-or-derived-text-candidate
tartan_imu,tartan_imu/release/vendor/tartan_imu/utils/logging_config.py,10629,5a1e40ecaddf244be8875eb2d8c057edb41d3d5e55245e386963cdcace4dce1b,source-or-derived-text-candidate
tartan_imu,tartan_imu/release/vendor/tartan_imu/utils/registry.py,1459,79db10f8730c9e47fbe4b316501f4648711ebd696a652b9062b1d6d97110e109,source-or-derived-text-candidate
tartan_imu,tartan_imu/release/vendor/tartan_imu/utils/rich_logging.py,14885,8072233b8b5226605702d255d7fe4accec7fd610fcce6c5f874b939cddb9c747,source-or-derived-text-candidate
tartan_imu,tartan_imu/reports/FINAL_DELIVERY_STATUS.md,2010,205bc8ba44899487789852690e1dc8575fb79af24ae0016d3714991ace67bbce,source-or-derived-text-candidate
tartan_imu,tartan_imu/reports/HF_PUBLIC_RELEASE_RECEIPT_2026-09-17.md,1258,dc2161d8664ff4c35d5e9d0c3a446273354429bd1e7795f13f3150a890a68308,source-or-derived-text-candidate
tartan_imu,tartan_imu/reports/SUBMISSION_FORM_CHECKLIST.md,5218,5643e5409b5628ccab77e9b01f13becaca6f0b835690fc649632178bdbf68519,source-or-derived-text-candidate
tartan_imu,tartan_imu/reports/TECHNICAL_REPORT_OUTLINE.md,7241,0a6cb1b93aaa3936837599a81f1700d5a11819808b5173833fc4813f08875482,source-or-derived-text-candidate
tartan_imu,tartan_imu/reports/final_ieee/DELIVERY_RECEIPT.json,1597,5afb46c980092bfdd4eac0dcffd438bedca53147d4fe4bc0e63a9aa1d6a26f5b,source-or-derived-text-candidate
tartan_imu,tartan_imu/reports/metric_floor_val.json,413,8129f28a05b57e31cde69b44675f0d1733625dd5c34a91c4739638f42fc88649,source-or-derived-text-candidate
tartan_imu,tartan_imu/reports/official_scoring/E003/official_per_sequence.csv,2403,a19ce372160879e6af66b7377ab44d8be11e017ab469e16e114b4eef5e9debff,source-or-derived-text-candidate
tartan_imu,tartan_imu/reports/official_scoring/E003/official_scoring_response.json,8799,ed1d592e2f2521e10d8b40df5243424337456c4c964c6d08f31e862b57df7c9b,source-or-derived-text-candidate
tartan_imu,tartan_imu/reports/template_official/IMU_Challenge_Report_Template/README.txt,1168,f5201535beb45fadf4b04e15763e70d07e0079a7da4815b31a3932f00d1544b8,source-or-derived-text-candidate
traffic,traffic/intel/poker/notebooks/getting_started/kernel-metadata.json,703,3f61e62475ee9b5e85387739172b174d7b10bcaca4a4b5b7d0634a4610df3d8d,source-or-derived-text-candidate
traffic,traffic/intel/poker/notebooks/metric/kernel-metadata.json,649,ec1eb846d92b9bea72aa0da847ead0ac227c1aeca5203f31f07d6721698bcde7,source-or-derived-text-candidate
traffic,traffic/intel/poker/notebooks/pu_ranker/kernel-metadata.json,677,0c4161c7daa4d89d36b1a618912291a4bde3d056d5e6ba72b051e1a49c50a2e1,source-or-derived-text-candidate
traffic,traffic/intel/public_intel_2026-09-09.md,24870,d1b513d636d59839dbbc713ce2eb103c9ad18ee310a86816e5cae7358da714c4,source-or-derived-text-candidate
traffic,traffic/src/audit_public_release.py,9524,c3e0c4eb6f55810d0cbc1c2b9ea6617f9e2b060db8f75a9cfff17c691626696b,source-or-derived-text-candidate
traffic,traffic/src/campaign_readiness_audit.py,29390,e7b948a91c552f3872fd2609521b1383c5c12ae14e83be45f20525007c8504ba,source-or-derived-text-candidate
traffic,traffic/src/compare_merged_submissions.py,4744,e58c14d17aaba081e40cf130e6a342a7cbd83e8b6411ae6960c8f2769a9cbe87,source-or-derived-text-candidate
traffic,traffic/src/component_opportunity_audit.py,11723,f135f310a234e825c0144de5705d4601dd60539b853952b559e0b3dbb1082e56,source-or-derived-text-candidate
traffic,traffic/src/concat_csv_parts.py,1475,a06d15dcb91f30b6ac8ebed8ee44c3c0648e60b3145eb875aca3e95651dd2f98,source-or-derived-text-candidate
traffic,traffic/src/evidence_registry.py,17246,d07dd9ded4a0f06f9a3f95f54e06a9d996ea221be2bb3f7c90eba0e7369d4ffe,source-or-derived-text-candidate
traffic,traffic/src/evidence_registry_validation.py,4727,baed3d2d68e52ce054b25c6f164fd4a6f2c2e39f37ed665c1b8287d8e156599d,source-or-derived-text-candidate
traffic,traffic/src/final_submission_selector.py,14553,7fa701b7b5d1aebfb0876303a8e9daf18815ccf78224404af17c3d67931c10a4,source-or-derived-text-candidate
traffic,traffic/src/fix_v32_queue_horizon.py,4050,9cd55bfef16ff81a3cef01448390eb8be9dabbf4b70791f9bec60b8d022a8b2f,source-or-derived-text-candidate
traffic,traffic/src/four_task_baseline_audit.py,23552,45c493e1d317174cdb0be688cd728897c1d00bce1d76d8593435bfcb85a2ca02,source-or-derived-text-candidate
traffic,traffic/src/legacy_resource_replay.py,12387,60f642cf94e0e45c256850176bccf6efccfc90693954aeaf51f15e0a0395a17a,source-or-derived-text-candidate
traffic,traffic/src/lifecycle_policy_audit.py,17108,dd7ec735e3257b36581a83122327be5ead15f85a42bd38aca3a771903070da7c,source-or-derived-text-candidate
traffic,traffic/src/method_family_policy_audit.py,9580,33abbc2fa24962201d0f45b8e4168ea784e40ce8604d2c51c73c86167e1d16e8,source-or-derived-text-candidate
traffic,traffic/src/odme_lambda_frontier.py,15122,8cdec2b03c3d689d67b6debe0321fdef0afa2a7839fa4cee57aa78611f4e8999,source-or-derived-text-candidate
traffic,traffic/src/queue_mini_ablation.py,12419,592dca847e1deee6db9ee51afc268aedd3f8963c354283ef97e290c914657da4,source-or-derived-text-candidate
traffic,traffic/src/queue_ongoing_trend_ablation.py,14899,e049d438e9f57aff15c238e2c33a97464daa8e77b09f89818f10ba22977317db,source-or-derived-text-candidate
traffic,traffic/src/queue_onset_breadth_ablation.py,7342,15aaa5bc68d526017cd610c33c123feadba5c7a94378f0115c36c13af0fee222,source-or-derived-text-candidate
traffic,traffic/src/queue_shockwave.py,12697,9e62b4a781f9b3e63330a9043126d81e61cc3ac7961fc1227097b3b4c5040a7b,source-or-derived-text-candidate
traffic,traffic/src/replace_task_rows.py,7036,6e10f9e1af80fa450d49b23a99090edbefc36e522cf4afee03829908d522bb47,source-or-derived-text-candidate
traffic,traffic/src/reproduce_current_best.py,8421,4eee363c4298b9131ed29b49fd8bc9f37093ee9e377c5810f0982d383c6f5d83,source-or-derived-text-candidate
traffic,traffic/src/runtime_environment_audit.py,11695,3e26b914b473705fd1458996ba039e3dfb7c6b7892c2483464af062587a1cb11,source-or-derived-text-candidate
traffic,traffic/src/scorecard.py,3391,8e1b0eb302b017d70dab57a031d696d0b981b0293316c238d92bcf8f23a1e564,source-or-derived-text-candidate
traffic,traffic/src/submission_attribution_audit.py,13704,833f52f93f5c3b3a37763f375e29a8fc2378c41d141d3cefd380a2378556427e,source-or-derived-text-candidate
traffic,traffic/src/system_implementation_manifest_audit.py,10513,7688421992dfc2faed2be844740e597479d0d898a8f6c58e2e57b577cc7f6dfd,source-or-derived-text-candidate
traffic,traffic/src/task1_cutoff_residual_audit.py,15148,5288ee5e1d44af4a7d2a0e7baef4105e6bc63dc9b907a7abda887582f8f34796,source-or-derived-text-candidate
traffic,traffic/src/task1_grouped_baseline.py,20074,e379fe5e733cd177548545d878ad7782035388595f388a45fcf547ce59043c8a,source-or-derived-text-candidate
traffic,traffic/src/task1_grouped_v32_control.py,21254,44c1b1ca4cf399abcb916b089049f4a280a7a544989f8299f683963a860238be,source-or-derived-text-candidate
traffic,traffic/src/task1_mini_ablation.py,15066,b7125140017b585cae8e38914dc67db606417ed8a483a740ec3c6dbfe9f13ed3,source-or-derived-text-candidate
traffic,traffic/src/task1_nonlinear_residual_ablation.py,24036,a5d70ffa37750161ac70c1a955a9df393f46aa4e0f9be5e8191074609e59dda5,source-or-derived-text-candidate
traffic,traffic/src/task1_observability_preflight.py,14941,bd2bd9e2dbb2805ca17aecda26f4ee2da7d94042a0d3ead8499f565b8deab753,source-or-derived-text-candidate
traffic,traffic/src/task1_residual_audit.py,8355,a2f2c7a6a61bdd71a8243e801d886313617ce9d26e471614fe30f65cc7c51763,source-or-derived-text-candidate
traffic,traffic/src/task1_smoothing_ablation.py,10266,7e463975cb7fcf287850511e231dfdd15fb8c169cf183e0a827cda28884cfcc6,source-or-derived-text-candidate
traffic,traffic/src/task1_source_coverage_audit.py,6955,35c978618c72f9b6f25bb5f483e6db883a77f9ec50049275a00a77ab2b5f10e9,source-or-derived-text-candidate
traffic,traffic/src/task1_temporal_mode_ablation.py,10573,08881c785afea14ba738554a9d93060fb135801781f4c50f7512df96b24feaf5,source-or-derived-text-candidate
traffic,traffic/src/validate_submission.py,6909,57660ff63ade1f72fbc290a0a0c09747ab2f9ab6712422d45eef3d0fbeac3e29,source-or-derived-text-candidate
traffic,traffic/tests/test_campaign_readiness_audit.py,2964,5658bde6dd6873f4cd73c5df5c8650fb652a1f833d4333cd21df0a37dced2b18,source-or-derived-text-candidate
traffic,traffic/tests/test_compare_merged_submissions.py,1834,10ad28228773a854c3d4c93704274f063a450a6367c851381f97701acda6c052,source-or-derived-text-candidate
traffic,traffic/tests/test_component_opportunity_audit.py,1498,c55d7d7d4a47ccf927b261467ab9d56f2b932451edaa118d177d2aca8955926b,source-or-derived-text-candidate
traffic,traffic/tests/test_concat_csv_parts.py,1204,251f9ce3852aa555a09da10fa49a4830b05a2669b260db776dc86290e70160a7,source-or-derived-text-candidate
traffic,traffic/tests/test_evidence_registry.py,9387,e0069b559a2e064d287a0963b0484c60637243531a2a05ef20248ac373f0bdb8,source-or-derived-text-candidate
traffic,traffic/tests/test_final_submission_selector.py,4051,4c33a4c6c87ef139ecfe357778e91bc126118e3f31556045a45200f575601577,source-or-derived-text-candidate
traffic,traffic/tests/test_four_task_baseline_audit.py,3258,f3b9ca1561398a85fd368ce910e3e101ab2446d1057ed92f1cedfadfec510efc,source-or-derived-text-candidate
traffic,traffic/tests/test_legacy_resource_replay.py,704,09ff9638060e59921613e4785082354919ca845c131b77c36b1d0d876e676856,source-or-derived-text-candidate
traffic,traffic/tests/test_lifecycle_policy_audit.py,4086,9ec5c84df15be103a7b1ae6c4e804c240db2f258c9cc63494865e594fabaca71,source-or-derived-text-candidate
traffic,traffic/tests/test_method_family_policy_audit.py,920,873c9f16e0b5e73036f54395bb5a075dad1d1af07fd78deee45772cb73e20f25,source-or-derived-text-candidate
traffic,traffic/tests/test_odme_lambda_frontier.py,1478,2206631176750006557668863e1b2416cf05be259b1e5a9a21eed92ea258feab,source-or-derived-text-candidate
traffic,traffic/tests/test_queue_ongoing_trend_ablation.py,2232,9fbc477d41603a2759a29d4d543c14ff0998294de9d6340ca68fc2ce3a317ac2,source-or-derived-text-candidate
traffic,traffic/tests/test_queue_shockwave.py,3689,fda3c53a1ab0d88e111e573bd51662fa7d13eb260c3b018ac8455f5731032f00,source-or-derived-text-candidate
traffic,traffic/tests/test_replace_task_rows.py,4227,c96e1003f8ba74d30d0ab85fdb5d0fd1e903a7898516ff4612f81f714f6434dc,source-or-derived-text-candidate
traffic,traffic/tests/test_reproduce_current_best.py,1027,ce14cc254fde4e01048678f96811d07114169a41b4e50bfebede973f31bca6a8,source-or-derived-text-candidate
traffic,traffic/tests/test_runtime_environment_audit.py,1119,cb1a33d99b656bd573957938814147eae3f12fcb1c9fff001023a0cc967901a0,source-or-derived-text-candidate
traffic,traffic/tests/test_submission_attribution_audit.py,906,e881eaab0ad76a8036a53c48f0f87aab8c130f1aa383372f433292562c379a6c,source-or-derived-text-candidate
traffic,traffic/tests/test_system_implementation_manifest_audit.py,5143,843cfa194deed21c32ce22f23a7928c26206b9f5588f4150c65ec38a237a6d5e,source-or-derived-text-candidate
traffic,traffic/tests/test_task1_grouped_baseline.py,2437,19d3949434b2e3601b7848735fd813e426d8efd8a943d4345c6df84c0c620a94,source-or-derived-text-candidate
traffic,traffic/tests/test_task1_grouped_v32_control.py,2136,e9cce3d7b297dc33add1031df32a0eb77889672f11fc3c2f3404ef08aaa6a981,source-or-derived-text-candidate
traffic,traffic/tests/test_task1_nonlinear_residual_ablation.py,1074,508e33a00321795652f30225defd864ccce3fd2699cc4ca83f65e38106c9f9ee,source-or-derived-text-candidate
traffic,traffic/tests/test_task1_observability_preflight.py,1086,2a26f4d04b42e30a536a80846748dde6828e3910a5b3abf6fc74cc6b463f0bfd,source-or-derived-text-candidate
traffic,traffic/tests/test_task1_smoothing_ablation.py,1282,1aef4265216c50048542f9ce2ac24cbe43c17a4526d1d6a970b1a43a2757c22e,source-or-derived-text-candidate
traffic,traffic/tests/test_task1_source_coverage_audit.py,1038,8063db87478df46d82abc3074dbd27c82e8a9ec84c4fbf9567657c50eb566753,source-or-derived-text-candidate
traffic,traffic/tests/test_validate_submission.py,2769,6db4ac71be80f6f4e8b4f0f4e5b8ff9c6525aa927b1095c551797e9a1db16067,source-or-derived-text-candidate
tree_species_hsi_2026,tree_species_hsi_2026/reports/campaign_log.md,7496,f186c6e65c736268a18c5e4e16a4f5b49dd9e6f0816cbdccee5e72fb7f6fc0b8,source-or-derived-text-candidate
tree_species_hsi_2026,tree_species_hsi_2026/reports/data_audit.json,4956,18dc159cc405a00616fd3e7233fef9fc1fe8e66592f6c4a089b8d9b4f0b6993f,source-or-derived-text-candidate
tree_species_hsi_2026,tree_species_hsi_2026/reports/data_audit_partial.json,4819,d5bd4ea46fc3b1c85891dce150069642fcd00bbadba683c694f2d3044c0c984d,source-or-derived-text-candidate
tree_species_hsi_2026,tree_species_hsi_2026/reports/domain_diagnostic.json,51210,a928b1586837fefdf401bd9d34708b1e2b0d3c3372a6bffde45bed5d4f76f2eb,source-or-derived-text-candidate
tree_species_hsi_2026,tree_species_hsi_2026/reports/oof_lightgbm_full_small_control.json,15531,05205b46f414690ff90f0c5c1e507f7bc6f624f9acf5e486cc174195c77f8be6,source-or-derived-text-candidate
tree_species_hsi_2026,tree_species_hsi_2026/reports/oof_lightgbm_robust_v2.json,15559,228c6bf0add4aa25e0e6e4dcbc046dc08cc57415253bef1bd5f956f0c726eaac,source-or-derived-text-candidate
tree_species_hsi_2026,tree_species_hsi_2026/reports/oof_lightgbm_spatial_r1_cap10k_v4.json,15379,aa3377d47504d5d733d1de4061dfec5df30e1887fb364ca1e8875b4cc3174b43,source-or-derived-text-candidate
tree_species_hsi_2026,tree_species_hsi_2026/reports/oof_lightgbm_spatial_r1_v3.json,15415,8ce2782a962d1203e2408ee53231d2cc76c84d96478658f024a433b950b48b47,source-or-derived-text-candidate
tree_species_hsi_2026,tree_species_hsi_2026/reports/oof_lightgbm_v1.json,15459,7e8665de7734349fb6811b21b034bcb4bbbb4a31951572a6dd2b24459590cb60,source-or-derived-text-candidate
tree_species_hsi_2026,tree_species_hsi_2026/reports/oof_sam.json,22161,6f6a2cc9c0928da22f003e97da85a98ae04c0ab0acad35dc8f4e29cba2e374e1,source-or-derived-text-candidate
tree_species_hsi_2026,tree_species_hsi_2026/reports/phase2_final_train_2026-09-24.json,660,969a3a97c1937919de9092c312d57bd639549bdbd5e43c0ecde5f4c406bb7424,source-or-derived-text-candidate
tree_species_hsi_2026,tree_species_hsi_2026/reports/phase2_first_experiment_2026-09-24.json,57077,28a6997fc9d5e5eac3992f95e7a4f15a1b58adf38251caab77eaa7a729c481f5,source-or-derived-text-candidate
tree_species_hsi_2026,tree_species_hsi_2026/reports/phase2_predict_2026-09-24.json,951,ddf351b48d063b93978363c704bcb7362957328ffca69aca16ab58fff9161283,source-or-derived-text-candidate
tree_species_hsi_2026,tree_species_hsi_2026/reports/phase2_readiness_2026-09-17.json,1235,fa7626dc9c17d73ef83f7eed2a28972a51df76d9fe1ad5aff915b1f5f009b0ca,source-or-derived-text-candidate
tree_species_hsi_2026,tree_species_hsi_2026/reports/phase2_readiness_full_2026-09-24.json,8679,9107ef7bea8d3c054af94fcbd13587d69ac2a12ea89e214f14c509c11a0de435,source-or-derived-text-candidate
tree_species_hsi_2026,tree_species_hsi_2026/reports/phase2_readiness_latest.json,2839,c8f224d498a4b181dc953593ba33e203288520667e920a217317572cefcf85b6,source-or-derived-text-candidate
tree_species_hsi_2026,tree_species_hsi_2026/reports/phase2_readiness_receipt_2026-09-17.md,2827,de5141ddad54aae0a987b639f9fc6a3a0027ebd69bb109aab5c8ddc2bc060467,source-or-derived-text-candidate
tree_species_hsi_2026,tree_species_hsi_2026/reports/phase2_reassessment_2026-09-24.md,2656,64825d1c2f14b76d3b70699caa7b10442efafde42d721e320be817e20aef41c4,source-or-derived-text-candidate
tree_species_hsi_2026,tree_species_hsi_2026/reports/phase2_submission_receipt_2026-09-24.json,1719,5a4d2ae59ab44415dcbf6274fe743aaf7496b97883f037d960a7bbb5211e6137,source-or-derived-text-candidate
tree_species_hsi_2026,tree_species_hsi_2026/reports/predict_lightgbm_spatial_r1_v3.json,893,a85127f00bbbfc14f0c4826a9d54eff21e444980f9837307d54f1f41f361fbcb,source-or-derived-text-candidate
tree_species_hsi_2026,tree_species_hsi_2026/reports/predict_lightgbm_v1.json,834,4a276c682d8849a13cebac2fd6ff53c3f8eca5df3db7ea9b79a3530895626b21,source-or-derived-text-candidate
tree_species_hsi_2026,tree_species_hsi_2026/reports/submission_receipts.json,2058,2715a84a1d04d15e4cae41d526581fe59613bc6d9b8238cf90b401c2007bd9f1,source-or-derived-text-candidate
tree_species_hsi_2026,tree_species_hsi_2026/reports/tree-species-hsi-2026-publicleaderboard-2026-09-08T23:28:29.csv,2809,bbe6d6f1754dc31f5f8a182a0c32e5248f1cf4c8d75f77477db1f4781f93cc80,source-or-derived-text-candidate
tree_species_hsi_2026,tree_species_hsi_2026/reports/tree-species-hsi-2026-publicleaderboard-2026-09-09T11:07:02.csv,2833,16e1809813ee233017553860730754355d0a478063573b36cb3d6fc7485462c7,source-or-derived-text-candidate
tree_species_hsi_2026,tree_species_hsi_2026/src/__init__.py,42,c07f859e454dfa259a56bc809515720e6b2f9593c559ee38d5a66b1534aed73f,source-or-derived-text-candidate
tree_species_hsi_2026,tree_species_hsi_2026/src/domain_diagnostic.py,4393,dbe74f0e422b1ed22b8a1b5b6b42afcea925557605ac76d8aa3298d3a01a2140,source-or-derived-text-candidate
tree_species_hsi_2026,tree_species_hsi_2026/src/phase2_experiment.py,16758,84428fd8f2a6315209cc4ecbfaf2605a13033fcfc957134c95039f23d172140e,source-or-derived-text-candidate
tree_species_hsi_2026,tree_species_hsi_2026/src/phase2_predict.py,8338,b318c3d6d8d181bc10f17bc7d0f9377d5c616761001a955015614f37ab88555f,source-or-derived-text-candidate
tree_species_hsi_2026,tree_species_hsi_2026/src/phase2_readiness.py,17083,5bdccbd2f43bd19e34a15a0fd7d1c598dfbb168b322440cbdb1238d63f0efaab,source-or-derived-text-candidate
tree_species_hsi_2026,tree_species_hsi_2026/src/pipeline.py,25076,0251e43357e76f70548eefe021828b7b4d7461b01a6f810efe5e896075a9238c,source-or-derived-text-candidate
tree_species_hsi_2026,tree_species_hsi_2026/src/tree_experiment.py,5311,6884dc018e82fd3fe02793f3a0dbe945fd0f9c048813f682272ff6b6d7b8da44,source-or-derived-text-candidate
tree_species_hsi_2026,tree_species_hsi_2026/src/tree_predict.py,4318,8c1e64c57b0b4f78d9217d765f7ac1af70bc0fd9c940d2154f122b3da51c52aa,source-or-derived-text-candidate
